word,memorized,memorized_at,reviewed_at
引,yes,2026-03-16 23:31:54,
失,yes,2026-03-29 17:18:40,
球,yes,2026-03-16 23:29:59,
成,yes,2026-03-29 17:22:23,
欠,no,,
欲,yes,2026-03-16 23:30:24,
差,yes,2026-03-16 23:30:28,
全,yes,2026-03-29 13:45:20,
険,no,,
望,yes,2026-03-16 23:30:47,
次,yes,2026-03-29 17:21:00,
欧,no,,
断,yes,2026-03-29 13:45:57,
央,yes,2026-03-16 23:31:20,
期,yes,2026-03-29 17:19:17,
陽,yes,2026-03-29 17:18:47,
巨,yes,2026-03-16 23:31:38,
肯,yes,2026-03-29 17:20:36,
階,no,,
戦,yes,2026-03-29 17:18:21,
老,yes,2026-03-16 23:32:11,
歯,yes,2026-03-16 23:32:14,
者,yes,2026-03-16 23:32:16,
農,yes,2026-03-16 23:32:18,
的,yes,2026-03-16 23:32:21,
起,yes,2026-03-16 23:32:23,
死,yes,2026-03-16 23:32:24,
翌,yes,2026-03-16 23:32:41,
由,yes,2026-03-29 17:18:54,
直,yes,2026-03-16 23:32:54,
良,yes,2026-03-29 17:18:36,
路,yes,2026-03-16 23:33:05,
痛,yes,2026-03-16 23:33:07,
粉,yes,2026-03-16 23:33:09,
鼻,yes,2026-03-16 23:33:11,
残,yes,2026-03-29 17:18:18,
段,no,,
列,yes,2026-03-16 23:33:31,
面,yes,2026-03-16 23:33:34,
辞,no,,
要,yes,2026-03-16 23:33:43,
相,yes,2026-03-29 17:19:39,
留,yes,2026-03-16 23:33:50,
順,yes,2026-03-18 00:15:12,
事,yes,2026-03-18 00:15:14,
類,yes,2026-03-29 17:18:50,
貧,yes,2026-03-18 00:15:23,
願,yes,2026-03-18 00:15:27,2026-03-29 13:39:55
予,yes,2026-03-18 00:15:29,
貸,yes,2026-03-18 00:15:34,
貯,yes,2026-03-18 00:15:45,
幼,yes,2026-03-29 17:23:10,
争,yes,2026-03-18 00:15:53,
卵,yes,2026-03-18 00:15:57,
費,yes,2026-03-18 00:16:00,
久,yes,2026-03-18 00:16:01,
皮,no,,
具,yes,2026-03-18 00:16:07,
貿,yes,2026-03-18 00:16:12,
録,yes,2026-03-18 00:16:16,
負,yes,2026-03-29 17:23:02,
頭,yes,2026-03-18 00:16:24,
顔,yes,2026-03-29 17:18:05,
賞,yes,2026-03-18 00:16:29,2026-03-29 13:38:55
兵,yes,2026-03-18 00:16:31,
危,yes,2026-03-29 17:20:32,
賛,yes,2026-03-29 17:19:32,
無,yes,2026-03-18 00:16:54,
庫,yes,2026-03-29 17:19:51,
島,yes,2026-03-18 00:17:00,
席,yes,2026-03-18 00:17:03,
暖,yes,2026-03-29 17:22:03,
燃,yes,2026-03-18 00:17:13,
敗,yes,2026-03-29 17:19:48,
座,yes,2026-03-18 00:17:27,
救,yes,2026-03-29 17:18:43,
点,yes,2026-03-18 00:17:31,
昨,yes,2026-03-18 00:17:39,
局,yes,2026-03-18 00:17:40,
昔,yes,2026-03-29 17:23:16,
底,yes,2026-03-18 00:17:46,
岸,yes,2026-03-18 00:17:49,
最,yes,2026-03-18 00:17:51,
焼,yes,2026-03-18 00:17:54,
存,yes,2026-03-18 00:17:57,
易,yes,2026-03-29 17:19:12,
包,yes,2026-03-18 00:18:15,
曜,yes,2026-03-18 00:18:20,
季,yes,2026-03-18 00:18:21,
度,yes,2026-03-29 17:21:49,
熱,yes,2026-03-18 00:18:27,
取,yes,2026-03-18 22:48:05,
再,yes,2026-03-18 22:48:07,
娘,yes,2026-03-18 22:48:10,2026-03-23 18:17:20
身,yes,2026-03-18 22:48:11,
則,yes,2026-03-29 17:20:06,
亡,yes,2026-03-18 22:48:23,
初,yes,2026-03-18 22:48:24,2026-03-29 13:33:43
困,yes,2026-03-18 22:48:26,
団,yes,2026-03-18 22:48:30,
回,yes,2026-03-18 22:48:34,
婦,yes,2026-03-18 22:48:37,
受,yes,2026-03-18 22:48:41,
厚,yes,2026-03-18 22:48:43,
反,yes,2026-03-18 22:48:44,
匹,yes,2026-03-18 22:48:45,
収,yes,2026-03-18 22:48:47,
婚,yes,2026-03-18 22:48:50,
冊,yes,2026-03-18 22:49:00,
式,yes,2026-03-18 22:49:03,
夢,yes,2026-03-18 22:49:05,
用,yes,2026-03-18 22:49:07,
副,yes,2026-03-18 22:49:08,
姓,yes,2026-03-18 22:49:15,
種,yes,2026-03-18 22:50:16,
移,yes,2026-03-18 22:50:24,
説,yes,2026-03-18 22:50:31,
勝,yes,2026-03-18 22:50:33,
談,yes,2026-03-29 17:19:41,
舟,yes,2026-03-29 17:21:20,
許,yes,2026-03-29 17:20:15,
助,yes,2026-03-18 22:50:55,
積,yes,2026-03-18 22:51:01,
血,yes,2026-03-18 22:51:14,
税,yes,2026-03-29 17:21:17,
秒,yes,2026-03-18 22:51:19,
識,yes,2026-03-29 17:21:14,
労,yes,2026-03-29 17:18:13,
調,yes,2026-03-29 17:20:50,
程,yes,2026-03-29 17:18:45,
効,yes,2026-03-29 17:18:16,
関,yes,2026-03-18 22:52:03,
記,yes,2026-03-18 22:52:06,
努,yes,2026-03-18 22:52:10,2026-03-29 13:37:19
訳,yes,2026-03-18 22:52:14,
豆,yes,2026-03-23 18:11:30,
確,yes,2026-03-23 18:11:34,2026-03-23 18:11:55
袋,yes,2026-03-29 17:18:58,
転,yes,2026-03-23 18:12:07,
酔,yes,2026-03-23 18:12:11,
複,yes,2026-03-23 18:12:18,
対,yes,2026-03-23 18:12:21,
変,yes,2026-03-23 18:12:23,
観,yes,2026-03-23 18:12:28,
規,yes,2026-03-29 17:21:05,
産,yes,2026-03-23 18:12:39,
豊,yes,2026-03-23 18:12:48,2026-03-23 18:13:17
解,yes,2026-03-23 18:13:23,
童,yes,2026-03-23 18:13:29,
補,yes,2026-03-23 18:13:32,
覚,yes,2026-03-23 18:13:36,
非,yes,2026-03-23 18:14:03,
冷,yes,2026-03-23 18:14:05,
量,yes,2026-03-23 18:14:15,
窓,yes,2026-03-23 18:14:19,
角,yes,2026-03-23 18:14:22,
軍,yes,2026-03-23 18:14:24,
突,yes,2026-03-23 18:14:27,2026-03-23 18:14:28
表,yes,2026-03-23 18:14:29,
旧,yes,2026-03-23 18:14:36,
迎,yes,2026-03-23 18:14:39,
返,yes,2026-03-29 17:15:29,
置,yes,2026-03-23 18:14:55,
干,yes,2026-03-23 18:14:56,
進,yes,2026-03-23 18:14:59,
造,yes,2026-03-23 18:15:03,
選,yes,2026-03-23 18:15:08,
追,yes,2026-03-23 18:15:11,
単,yes,2026-03-23 18:15:12,
飛,yes,2026-03-23 18:15:15,
率,yes,2026-03-29 13:33:10,
戸,yes,2026-03-29 13:32:43,
建,yes,2026-03-29 17:19:30,
平,yes,2026-03-23 18:15:41,
退,yes,2026-03-23 18:15:47,
罪,yes,2026-03-29 17:20:38,
支,yes,2026-03-23 18:16:43,
州,yes,2026-03-23 18:16:45,
曲,yes,2026-03-23 18:16:51,
連,yes,2026-03-23 18:16:57,
卒,yes,2026-03-23 18:16:59,
難,yes,2026-03-23 18:17:02,
逆,yes,2026-03-23 18:17:08,
杯,yes,2026-03-23 23:00:50,2026-03-29 13:23:00
机,yes,2026-03-23 23:00:52,2026-03-29 13:23:09
首,yes,2026-03-29 13:22:47,
検,yes,2026-03-29 13:22:51,
柱,yes,2026-03-29 13:22:54,
板,yes,2026-03-29 13:23:06,
械,no,,
未,yes,2026-03-29 13:23:20,
満,yes,2026-03-29 13:23:28,
格,yes,2026-03-29 13:23:33,
機,yes,2026-03-29 17:21:37,
構,yes,2026-03-29 13:23:42,
果,yes,2026-03-29 13:23:45,
枚,yes,2026-03-29 13:23:48,
根,yes,2026-03-29 13:23:51,
植,yes,2026-03-29 13:23:53,
束,yes,2026-03-29 13:23:59,
末,yes,2026-03-29 13:24:01,
橋,yes,2026-03-29 13:24:04,
形,yes,2026-03-29 13:24:10,
棒,yes,2026-03-29 13:24:15,
職,yes,2026-03-29 13:24:25,
査,yes,2026-03-29 13:24:29,
材,yes,2026-03-29 17:22:19,
常,yes,2026-03-29 17:19:28,
笑,yes,2026-03-29 13:25:26,
在,yes,2026-03-29 13:25:29,
布,yes,2026-03-29 13:25:34,
等,yes,2026-03-29 17:18:08,
均,yes,2026-03-29 13:25:40,
管,yes,2026-03-29 17:21:32,
筆,yes,2026-03-29 13:25:52,
第,yes,2026-03-29 17:19:43,
菜,yes,2026-03-29 13:26:04,
型,yes,2026-03-29 13:26:10,
落,yes,2026-03-29 13:26:17,
希,yes,2026-03-29 13:26:20,
築,yes,2026-03-29 13:26:23,
箱,yes,2026-03-29 13:26:25,
帯,yes,2026-03-29 17:21:51,
坂,yes,2026-03-29 13:26:33,2026-03-29 13:26:34
算,yes,2026-03-29 13:26:35,
葉,yes,2026-03-29 13:26:39,
師,yes,2026-03-29 17:18:26,
苦,yes,2026-03-29 13:26:50,
塩,yes,2026-03-29 13:26:52,
報,yes,2026-03-29 13:26:59,
芸,yes,2026-03-29 17:20:09,
守,yes,2026-03-29 13:27:23,
犯,yes,2026-03-29 13:27:29,
彼,yes,2026-03-29 13:27:32,
独,yes,2026-03-29 13:27:38,
富,yes,2026-03-29 13:27:43,
神,yes,2026-03-29 13:27:53,
乳,yes,2026-03-29 17:15:21,
役,yes,2026-03-29 13:28:11,
祝,yes,2026-03-29 17:18:56,
定,yes,2026-03-29 13:28:43,
登,yes,2026-03-29 13:28:46,
礼,yes,2026-03-29 13:28:51,
禁,yes,2026-03-29 13:28:53,
官,yes,2026-03-29 17:20:29,
福,yes,2026-03-29 13:29:03,
実,yes,2026-03-29 17:18:52,
徒,yes,2026-03-29 13:29:13,
術,yes,2026-03-29 13:29:17,
律,yes,2026-03-29 17:17:59,
祭,yes,2026-03-29 17:19:45,
容,yes,2026-03-29 13:29:36,
寝,yes,2026-03-29 13:29:47,
示,yes,2026-03-29 17:20:17,
復,yes,2026-03-29 13:29:56,
判,yes,2026-03-29 17:23:21,
設,no,,
認,yes,2026-03-29 17:20:46,
議,yes,2026-03-29 17:21:43,
