no,level,kanji,meaning_quoted,meaning,onyomi,kunyomi,shape_explanation,onyomi_detail,kunyomi_detail,memorized
1,N4,同,한가지 동,"""한가지 동"". 같다, 동일",ドウ,おな(じ),"同 = 𠔼 + 口。 𠔼는 여기서는 ""둥글게 둘러앉은 모습""을 그린 모양자입니다. 「口」는 ""입""을 뜻합니다. 同는 ""둥글게 둘러앉아(𠔼) 함께 이야기하다(口)""라는 뜻입니다. ""다 같이 이야기하다"" -> ""같다, 한가지""라는 의미입니다.",음독은 ドウ입니다. 특별한 점은 없습니다.,"同じ는 ""같음, 동일""을 뜻합니다. 예문) 今も昔も同じだ 지금이나 예나 같다 同じ日の午後같은 날 오후",no
2,N4,事,일 사,"""일 사"". 일, 사항, 사건",ジ、ズ,こと,"事는 ""제사 의식용 도구를 손(⺕)에 쥔 모습""을 그린 상형문자입니다. 고대 사회에서 제사는 대단히 중요한 국가적 행사였습니다. ""중요한 행사"" -> ""일, 사항, 사건""이라는 의미입니다.",음독은 ジ、ズ입니다. 그러나 절대다수는 ジ로 읽습니다. ズ는 일부 예외적인 단어에만 쓰이는 음독입니다.,"事는 ""일, 사항, 사건"" 등을 뜻합니다.",no
3,N4,自,스스로 자,"""스스로 자"". 자신, 자기",ジ、シ,みずか(ら),"自는 본래 ""사람의 코""를 본따 그린 상형문자입니다. ""코"" -> ""얼굴의 중앙"" -> ""자기 자신""이라는 의미입니다.",음독은 ジ、シ입니다. 그러나 절대다수는 ジ로 읽습니다. シ는自然(자연) 외에는 거의 쓰지 않는 음독입니다.,"自ら는 ""자기, 자신, 스스로""를 뜻합니다. 예문) 自らを省みる 자신을 돌아보다 自ら実行する 스스로 실행하다",no
4,N4,民,백성 민,"""백성 민"". 국민, 민족",ミン,たみ,"民는 ""칼로 노예의 눈을 찌르는 모습""을 그린 상형문자입니다. 고대 중국에서는 노예의 왼쪽 눈을 멀게 해 도망가지 못하게 했다고 합니다. ""눈을 찔린 노예"" -> ""노예"" -> ""백성, 국민""이라는 의미입니다.",음독은 ミン입니다. 특별한 점은 없습니다.,"民는 ""백성, 국민""을 뜻합니다.",no
5,N4,発,쏠 발,"""쏠 발"". 쏘다, 일으키다, 발생하다",ハツ、ホツ,,"発 = 癶 +开。 癶는 여기서는 ""화살촉""을 그린 모양자입니다. 开는 여기서는 ""활시위(二)에 걸린 화살대(儿)""를 그린 모양자입니다. 発는 ""화살(癶)을 쏘다(开)"" -> ""쏘다"" -> ""일으키다, 발생하다""라는 뜻의 글자입니다.",음독은 ハツ、ホツ입니다. 사용 빈도는 ハツ가 더 높으나 특별한 구분법은 없습니다.,発의 정식 훈독은 없습니다.,no
6,N4,者,놈 자,"""놈 자"". 사람; 행동의 주체",シャ,もの,"者 = 耂 +曰。 「耂」는 ""노인""을 뜻하는 부수입니다(링크 참조). 「曰」(""가로 왈"")은 ""말하다""라는 뜻의 부수입니다(링크 참조). 者는 ""말하고 있는(曰)노인(耂)"" -> ""사람, 행동의 주체""라는 뜻의 글자입니다.",음독은 シャ입니다. 특별한 점은 없습니다.,"者는 ""자, 사람""을 뜻합니다.",no
7,N4,地,땅 지,"""땅 지"". 땅, 대지",チ、ジ,,"地 = 土 + 也。 「土」는 ""흙""을 뜻합니다. 「也」는 어조사(""~이다"", ""역시"", ""또한"" 등등)로서 쓰이는 글자입니다(링크 참조). 地는 ""흙(土) + 이다(也)"" -> ""땅, 대지""라는 뜻의 글자입니다.",음독은 チ、ジ입니다. 특별한 구분법은 없습니다.,地의 정식 훈독은 없습니다.,no
8,N4,合,합할 합,"""합할 합"". 합치다, 들어맞다",ゴウ、ガッ、カッ,あ(う)、あ(わす)、あ(わせる),"合 = 亼 + 口。 亼는 여기서는 ""그릇의 뚜껑""을 그린 모양자입니다. 口는 여기서는 ""그릇""을 그린 모양자입니다. 合는 ""그릇(口)의뚜껑(亼)을 덮다"" -> ""합치다, 들어맞다""라는 뜻의 글자입니다.",음독은 ゴウ、ガッ、カッ입니다. 사용 빈도는 ゴウ >>ガッ >>>カッ 정도로 보시면 됩니다.,"1.合う 合う는 ""합쳐지다, 조화를 이루다, 일치하다""라는 뜻의 자동사입니다. 예문) 靴が足に合わない 구두가 발에 맞지 않는다 意見が合う 의견이 일치하다 気が合う人마음이 맞는 사람 2.合わす、合わせる 合わす는 ""맞추다, 합치다""라는 뜻의 타동사입니다. 合わせる는 ""맞추다, 합치다""라는 뜻의 2그룹 타동사입니다. 둘 사이에 의미의 차이는 없습니다. 예문) 仏前に手を合わす 불전에 손을 모으다(합장하다) 音楽に合わせて踊る 음악에 맞추어 춤추다 力を合わせる 힘을 합치다(협력하다)",no
9,N4,市,저자 시,"""저자 시"". 시장(market), 도시",シ,いち,"市 = 亠 + 巾。 亠는 여기서는 ""(옷을 걸어놓는) 장대""를 그린 모양자입니다. 「巾」는 ""수건, 천""을 뜻하는 부수입니다(링크 참조). 市는 ""옷감(巾)이 걸려있는(亠) 옷가게""라는 뜻입니다. ""옷가게가 늘어선 시장"" -> ""시장, 도시""라는 의미입니다.",음독은 シ입니다. 특별한 점은 없습니다.,"市는 ""시장""을 뜻합니다.",no
10,N4,業,업 업,"""업 업"". 직업, 사업, 일",ギョウ、ゴウ,わざ,"業는 ""악기를 등에 멘 악사""를 본따 그린 상형문자입니다. ""악기를 들고 다니는 악사"" -> ""직업, 사업, 일""이라는 의미입니다.",음독은 ギョウ、ゴウ입니다. 대략적인 구분법은 다음과 같습니다. 아래 예시단어를 참조해 주세요.,"業는 ""행위, 일, 직업""을 뜻합니다.",no
11,N4,方,모 방,"""모 방"". 방향, 방법",ホウ,かた,"方는 ""소가 끄는 쟁기""를 그린 상형문자입니다. ""소에게 방향을 지시하다"" -> ""방향, 방법""이라는 의미입니다.",음독은 ホウ입니다. 특별한 점은 없습니다.,"方는 ""방법, 방식, 쪽, 편, ~분(경칭)""을 뜻합니다.",no
12,N4,回,돌 회,"""돌 회"". 돌다, 회전, 횟수",カイ、エ,まわ(る)、まわ(す),"回는 ""회오리가 빙글빙글 도는 모습""을 그린 상형문자입니다.",음독은 カイ、エ입니다. 그러나 절대다수는 カイ로 읽습니다. エ는 일부 예외적인 단어에만 쓰이는 음독입니다.,"回る는 ""돌다""라는 뜻의 자동사입니다. 回す는 ""돌리다""라는 뜻의 타동사입니다.",no
13,N4,場,마당 장,"""마당 장"". 장소, 곳",ジョウ,ば,"場 = 土 + 昜。 「土」는 ""흙, 땅""을 뜻합니다. 「昜」는 ""햇볕, 뜨거운 햇살""을 뜻하는 글자입니다(링크 참조). 場는 ""햇볕이 내리쬐는(昜)넓은 땅(土)"" -> ""장소, 곳""이라는 뜻의 글자입니다.",음독은 ジョウ입니다. 특별한 점은 없습니다.,훈독은 ば입니다. 특별한 점은 없습니다.,no
14,N4,員,인원 원,"""인원 원"". 인원, 점원",イン,,"員 = 口 + 貝。 「口」는 ""입""을 뜻합니다. 「貝」는 ""돈, 재물""을 뜻하는 부수입니다. 員는 ""식비(口)와 월급(貝)"" -> ""인건비"" -> ""인원, 점원""이라는 뜻의 글자입니다.",음독은 イン입니다. 특별한 점은 없습니다.,員의 정식 훈독은 없습니다.,no
15,N4,開,열 개,"""열 개"". 열다",カイ,ひら(く)、ひら(ける)、あ(く)、あ(ける),"開 = 門 + 开。 門(""문 문"")은 ""문""을 뜻하는 상용한자입니다. 門는 ""문""의 모습을 본따 그린 상형문자입니다. 开는 여기서는 ""양손으로 문을 열어젖히는 모습""을 그린 모양자입니다. 開는 ""문(門)을 양손으로 열어젖히다(开)"" -> ""열다""라는 뜻의 글자입니다.",음독은 カイ입니다. 특별한 점은 없습니다.,"1.開く、開ける 開く는 ""열리다""라는 뜻의 자동사입니다. 開ける는 ""열다""라는 뜻의 2그룹 타동사입니다. 예문) ドアが開いている 문이 열려 있다 窓を開ける 창문을 열다 2.開く、開ける 開く는 ""열리다/열다""라는 뜻의 자동사 겸 타동사입니다. 開ける는 ""(막혔던 것이)트이다, 개화되다, 펼쳐지다""라는 뜻의 2그룹 자동사입니다. 예문) ドアが開いている 문이 열리고 있다 窓を開く 창문을 열다 心を開く 마음을 열다 本を開く 책을 펼치다 会議を開く 회의를 열다 視界が開ける 시야가 트이다 開けた民族개화된 민족 解決への道が開ける 해결에의 길이 열리다 참고)開く・開ける와開く의 차이점 아래 예문을 참조해 주세요. 예문) ドアが開いている 문이 열려 있다(열려 있는 상태) ドアが開いている 문이 열리고 있다(열리고 있는 상태) 心を開く 마음을 열다(開ける는 불가능) 本を開く 책을 펼치다(開ける는 불가능) 会議を開く 회의를 열다(開ける는 불가능)",no
16,N4,力,힘 력(역),"""힘 력(역)"". 힘",リョク、リキ,ちから,"力는 ""쟁기""를 본따 그린 상형문자입니다. ""농사를 짓는 쟁기"" -> ""농사일"" -> ""힘""이라는 의미입니다.",음독은 リョク、リキ입니다. 사용 빈도는 リョク가 더 높으나 특별한 구분법은 없습니다.,"力는 ""힘""을 뜻합니다.",no
17,N4,問,물을 문,"""물을 문"". 묻다",モン,と(う)、と(い)、とん,"問 = 門 + 口。 (소리부 겸 의미부)門(モン - ""문 문"")은 ""문""을 뜻하는 상용한자입니다. 門는 ""문""의 모습을 본따 그린 상형문자입니다. (의미부)「口」는 ""입""을 뜻합니다. 問는 ""남의 집에 방문(門)해 질문하다(口)"" -> ""묻다""라는 뜻의 글자입니다. (門는 소리부도 겸함)",음독은 モン입니다. 특별한 점은 없습니다.,"問う는 ""묻다""라는 뜻의 타동사입니다. 問い는問う의 명사형으로, ""물음""을 뜻합니다.",no
18,N4,代,대신할 대,"""대신할 대"". 대신하다, 시대",ダイ、タイ,か(わる)、か(える)、よ、しろ,"代 = 亻 + 弋。 「亻」는 ""사람""을 뜻합니다. 「弋」는""공구, 도구""를 뜻하는 부수입니다(링크 참조). 代는 ""목수(亻)가 쓰는공구(弋)""라는 뜻입니다. ""오래된 공구를 교체하다"" -> ""대신하다, 대체되다, 세대, 시대""라는 의미입니다.",음독은 ダイ、タイ입니다. 사용 빈도는 ダイ가 훨씬 높습니다.,"1.代わる、代える 代わる는 ""대신하다, 대체하다""라는 뜻의 자동사입니다. 代える는 ""대신하다, 대리하게 하다""라는 뜻의 2그룹 타동사입니다. 예문) 手紙に代わってメールが使われる 편지를 대신해 메일이 사용되다 部長に代えて課長を派遣する 부장을 대신해 과장을 파견하다 2. よ、しろ 代는 ""한 통치자의 치세/시대""를 뜻합니다. 代는 ""대금, 대용물""을 뜻합니다. 예문) 明治の代메이지 시대 飲み代술값 食い代음식값/식대",no
19,N4,明,밝을 명,"""밝을 명"". 밝다",メイ、ミョウ,あ(かり)、あか(るい)、あか(るむ)、あか(らむ)、あき(らか)、あ(ける)、あ(く)、あ(くる)、あ(かす),"明 = 日 + 月。 「日」는 ""해""를 뜻합니다. 「月」는 ""달""을 뜻합니다. 明는 ""해(日) + 달(月)"" -> ""밝다""라는 뜻의 글자입니다.",음독은 メイ、ミョウ입니다. 사용 빈도는メイ가 더 높으나특별한 구분법은 없습니다.,"1.明かり、明るい 明かり는 ""밝은 빛""을 뜻합니다. 明るい는 ""밝다""라는 뜻의 형용사입니다. 예문) 星明かりが窓にさす 별빛이 창에 비치다 明るい部屋밝은 방 2.明るむ、明らむ 明るむ는 ""밝아지다""라는 뜻의 자동사입니다. 明らむ는 ""(동이 터서)훤해지다""라는 뜻의 자동사입니다. 예문) 心が明るむ 마음이 밝아지다(가벼워지다) 空が明るむ 하늘이 밝아지다 空が明らむ 하늘이 밝아오다(""동이 트다""라는 의미) 3.明らか 明らか는 ""분명함, 명백함, 뚜렷함""을 뜻합니다. 예문) 明らかな事実명백한 사실 役割を明らかにする 역할을 명백히 하다 4.明く、明ける、明くる 明く는 ""(감겨 있던 눈이) 떠지다""라는 뜻의 자동사입니다. 明ける는 ""(특정한 기간 등이) 끝나다""라는 뜻의 2그룹 자동사입니다. 明くる는 ""다음의, 돌아오는""을 뜻하는 연체사입니다. 예문) 赤ちゃんの目が明いた 아기의 눈이 떠졌다 年が明ける 새해가 되다 夜が明ける 날이 새다 梅雨が明ける 장마가 끝나다 明くる日이튿날/다음날 明くる年이듬해 5.明かす 明かす는 ""밝히다, 명백히 하다""라는 뜻의 타동사입니다. 예문) 秘密を明かす 비밀을 밝히다 潔白を明かす 결백함을 밝히다",no
20,N4,動,움직일 동,"""움직일 동"". 움직이다",ドウ,うご(く)、うご(かす),"動 = 重 + 力。 重(""무거울 중"")은 ""무겁다""라는 뜻의 상용한자입니다. 重는 본래 ""무거운 봇짐을 진 사람""을 그린 상형문자입니다. 시간이 지나며 왼쪽의 ""사람"" 부분은 생략되고 오른쪽의 ""봇짐"" 부분만 남아서 지금의 형태가 된 것입니다. ""무거운 봇짐"" -> ""무겁다, 겹치다""라는 의미입니다. 「力」는 ""힘""을 뜻합니다. 動는 ""힘(力)을 써서 무거운(重) 물건을 옮기다"" -> ""움직이다""라는 뜻의 글자입니다.",음독은 ドウ입니다. 특별한 점은 없습니다.,"動く는 ""움직이다""라는 뜻의 자동사입니다. 動かす는 ""움직이게 하다""라는 뜻의 타동사입니다.",no
21,N4,京,서울 경,"""서울 경"". 수도",キョウ、ケイ,,"京는 ""기둥 위에 세워진 커다란 건물""을 그린 상형문자입니다. ""커다란 건물들이 늘어선 도시"" -> ""수도""라는 의미입니다.",음독은 キョウ、ケイ입니다. 특별한 구분법은 없습니다.,京의 정식 훈독은 없습니다.,no
22,N4,通,통할 통,"""통할 통"". 통하다, 지나가다",ツウ、ツ,とお(る)、とお(す)、かよ(う),"通 = ⻌ + 甬。 「⻌」는 ""길""을 뜻하는 부수입니다. 「甬」는 ""종""을 뜻하는 글자입니다(링크 참조). 通는 ""속이 텅 비어있는 종(甬)처럼 뻥 뚫린 길(⻌)""이라는 뜻입니다. ""뻥 뚫린 길"" -> ""통하다, 지나가다""라는 의미입니다.",음독은 ツウ、ツ입니다. 그러나 절대다수는 ツウ로 읽습니다. ツ는 일부 예외적인 단어에만 쓰이는 음독입니다.,"1.通る、通す 通る는 ""통하다, 통과하다""라는 뜻의 자동사입니다. 通す는 ""통하게 하다, 통과시키다""라는 뜻의 타동사입니다. 예문) 無理が通る 억지가 통하다 学校の前を通る 학교 앞을 지나다 関門を通す 관문을 통과시키다 法案を通す 법안을 통과시키다 2.通う 通う는 ""다니다""라는 뜻의 자동사입니다. 예문) 学校に通う 학교에 다니다",no
23,N4,理,다스릴 리,"""다스릴 리"". 이치, 진리, 논리",リ,,"理 = 𤣩+ 里。 (의미부)「𤣩」는 ""구슬, 보석""을 뜻하는 부수입니다(링크 참조). (소리부)「里」(リ)는""마을""을 뜻하는 부수입니다(링크 참조). 다만 여기서는 소리부의 역할만 하고 있습니다. 理는 ""정교하게 세공된, 빛나는 옥구슬(𤣩)"" -> ""이치, 진리, 논리""라는 뜻의 글자입니다(里는 소리부).",음독은 リ입니다. 특별한 점은 없습니다.,里의 정식 훈독은 없습니다.,no
24,N4,体,몸 체,"""몸 체"". 몸",タイ、テイ,からだ,"体 = 亻 + 本。 「亻」는 ""사람""을 뜻합니다. 「本」는 ""근본, 본질""을 뜻합니다. 여기서는 ""본체""라는 뜻입니다. 体는 ""사람(亻)의 본체(本)"" -> ""몸통, 신체""라는 뜻의 글자입니다.","음독은 タイ、テイ입니다.구분법은 다음과 같습니다. 아래 대표단어, 예문을 참고해 주세요.","体는 ""몸""을 뜻합니다.",no
25,N4,田,밭 전,"""밭 전"". 밭",デン,た,"田는 ""가지런히 늘어선 논밭""의 모습을 그린 상형문자입니다.",음독은 デン입니다. 특별한 점은 없습니다.,훈독은 た입니다. 특별한 점은 없습니다.,no
26,N4,主,주인 주,"""주인 주"". 주인",シュ、ス,ぬし、おも,"主 = 丶 + 王。 王(""임금 왕"")은 ""왕""을 뜻하는 상용한자입니다. 王는 ""권위를 상징하는 거대한 도끼""를 그린 상형문자입니다. ""권위의 상징"" -> ""우두머리"" -> ""왕""이라는 의미입니다. 丶는 여기서는 ""왕관""을 그린 모양자입니다. 主는 ""왕관(丶)을 쓴 왕(王)"" -> ""나라의 주인"" -> ""주인""이라는 뜻의 글자입니다.",음독은 シュ、ス입니다. 사용 빈도는 シュ가 훨씬 높습니다. ス는 일부 예외적인 단어에만 쓰이는 음독입니다.,"主는 ""주인, 소유주""를 뜻합니다. 主는 ""주된 것, 주요한 것""을 뜻합니다.",no
27,N4,題,제목 제,"""제목 제"". 제목, 주제",ダイ,,"題 = 是 + 頁。 是(""옳을 시"")는 ""옳다, 바르다""라는 뜻의 상용한자입니다. 是 = 日 + 正。 「日」는 ""태양""을 뜻합니다. 正(""바를 정"")은 ""바르다""라는 뜻의 상용한자입니다. 是는 ""하늘의 태양(日)처럼 바르고 올곧다(正)"" -> ""옳다""라는 뜻의 글자입니다. 「頁」는 ""머리""를 뜻하는 부수입니다(링크 참조). 題는 ""바른(是) 머리(頁)"" -> ""이마""라는 뜻으로 만들어진 글자입니다. ""이마"" -> ""얼굴의 제일 앞에 나와 있는 부분"" -> ""제목, 주제""라는 의미입니다.",음독은 ダイ입니다. 특별한 점은 없습니다.,題의 정식 훈독은 없습니다.,no
28,N4,首,머리 수,"""머리 수"". 머리, 목",シュ,くび,"首 = 丷 + 丆 + 目。 「目」는 ""눈""을 뜻합니다. 丷+丆는 여기서는 ""머리털""을 그린 모양자입니다. 首는 ""머리털(丷+丆) +눈(目)"" -> ""머리, 목""이라는 뜻의 글자입니다.",음독은 シュ입니다. 특별한 점은 없습니다.,"首는 ""목""을 뜻합니다.",no
29,N4,意,뜻 의,"""뜻 의"". 뜻, 생각, 의미",イ,,"意 = 音 + 心。 音(""소리 음"")은 ""소리""를 뜻하는 상용한자입니다. 音는「言」가 변형되어 만들어진 글자입니다. ""말소리(言)"" -> ""소리""라는 의미입니다. 心(""마음 심"")은 ""마음""을 뜻하는 상용한자입니다. 心는 ""심장""을 본따 그린 상형문자입니다. ""심장"" -> ""마음""이라는 의미입니다. 意는 ""마음(心)의 소리(音)"" -> ""뜻, 생각, 의미""라는 뜻의 글자입니다.",음독은 イ입니다. 특별한 점은 없습니다.,意의 정식 훈독은 없습니다.,no
30,N4,不,아닐 부(불),"""아닐 부(불)"". 아니다, 부정",フ、ブ,,"不는 ""땅속에 뿌리내린 씨앗""을 그린 상형문자입니다. ""아직 싹을 틔우지 못한 씨앗"" -> ""아니다""라는 의미입니다.",음독은 フ、ブ입니다. 특별한 구분법은 없습니다.,不의 정식 훈독은 없습니다.,no
31,N4,作,지을 작,"""지을 작"". 만들다",サク、サ,つく(る),"作 = 亻 + 乍。 (의미부)「亻」는 ""사람""을 뜻합니다. (소리부 겸 의미부)「乍」(サク・サ)는 ""바느질하다""라는 뜻의 글자입니다(링크 참조). 作는 ""재봉사(亻)가바느질(乍)로 옷을 만들다"" -> ""만들다""라는 뜻의 글자입니다. (乍는 소리부도 겸함)",음독은 サク、サ입니다. 특별한 구분법은 없습니다.,"作る는 ""만들다""라는 뜻의 타동사입니다.",no
32,N4,用,쓸 용,"""쓸 용"". 쓰다, 사용하다, 이용하다",ヨウ,もち(いる),"用는 ""나무로 만든 울타리""를 본따 그린 상형문자입니다. ""침입자를 막기 위해 울타리를 이용하다"" -> ""이용하다, 사용하다, 쓰다""라는 의미입니다.",음독은 ヨウ입니다. 특별한 점은 없습니다.,"用いる는 ""이용하다, 활용하다""라는 뜻의 2그룹 타동사입니다. 예문) 運搬に車を用いる 운반에 자동차를 이용하다 広く用いられる 널리 쓰이다 新戦法を用いる 새 전법을 쓰다",no
33,N4,度,법도 도,"""법도 도"". 정도, 횟수, 제도",ド、ト、タク,たび,"度 = 广 + 廿 + 又。 「广」는 ""건물, 집""을 뜻하는 부수입니다. 廿는 여기서는 ""벽돌""을 그린 모양자입니다. 「又」는 ""손""을 뜻하는 부수입니다. 度는 ""벽돌(廿)을 쌓아서(又) 집(广)을 짓다""라는 뜻의 글자입니다. 집을 제대로 짓기 위해서는 정교한 측량이 필요합니다. ""정해진 기준대로 정교하게 측량하다"" -> ""정도, 횟수, 제도, 표준""이라는 의미입니다.",음독은 ド、ト、タク입니다. 그러나 절대다수는 ド로 읽습니다. ト、タク는 일부 예외적인 단어에만 쓰이는 음독입니다.,"度는 ""(~할) 때, 때마다""라는 뜻입니다.",no
34,N4,強,강할 강,"""강할 강"". 강하다",キョウ、ゴウ,つよ(い)、つよ(まる)、つよ(める)、し(いる),"強 = 弓 + 厶 + 虫。 「弓」는 ""활""을 뜻하는 부수입니다(링크 참조). 「厶」는 본래 ""팔을 안으로 굽힌 모습""을 그린 글자입니다(링크 참조). 여기서는 ""활시위를 잡아당기는 팔""을 표현한 것입니다. 虫(""벌레 충"")은 ""벌레""를 뜻하는 상용한자입니다. 虫는 ""뿔이 달린 벌레""를 그린 상형문자입니다. 強는 ""활(弓)을 쏘아(厶) 벌레(虫)를 맞추다""라는 뜻입니다. ""작은 벌레도 쏘아 맞출 정도의 활쏘기 실력"" -> ""강하다""라는 의미입니다.",음독은 キョウ、ゴウ입니다. 사용 빈도는 キョウ가 훨씬 높습니다.,"1.強い、強まる、強める 強い는 ""강하다""라는 뜻의 형용사입니다. 強まる는 ""강해지다""라는 뜻의 자동사입니다. 強める는 ""강화하다, 강하게 하다""라는 뜻의  2그룹 타동사입니다. 예문) 彼は数学に強い 그는 수학에 강하다 強い者が勝つ 강한 자가 이긴다 風が強まる 바람이 강해지다 警戒を強める 경계를 강화하다 2.強いる 強いる는 ""강제하다""라는 뜻의 2그룹 타동사입니다. 예문) 自白を強いる 자백을 강요하다",no
35,N4,持,가질 지,"""가질 지"". 가지다, 지니다",ジ,も(つ),"持 = 扌 + 土 + 寸。 「扌」는 ""손""을 뜻하는 부수입니다(링크 참조). 「寸」는 ""손""을 뜻하는 부수입니다. 「土」는 ""흙, 땅""을 뜻합니다. 持는 ""양 손(扌+寸)에 흙덩이(土)를 가득 집어들다"" -> ""가지다, 지니다""라는 뜻의 글자입니다.",음독은 ジ입니다. 특별한 점은 없습니다.,"持つ는 ""쥐다, 들다, 가지다""라는 뜻의 타동사입니다. 예문) 鞄を持つ 가방을 들다 選挙権を持つ 선거권을 가지다",no
36,N4,野,들 야,"""들 야"". 들, 벌판",ヤ,の,"野 = 里 + 予。 「里」는 ""마을""을 뜻합니다. 予(""미리 예"")는 ""미리, 앞서""라는 뜻의 상용한자입니다. 予의 유래에 관해서는 알려진 바가 없습니다. 어떻게 ""미리""라는 뜻을 가지게 되었는지도 알려져 있지 않습니다. 野는 ""마을(里) 앞(予)의 들판"" -> ""벌판, 들""이라는 뜻의 글자입니다.",음독은 ヤ입니다. 특별한 점은 없습니다.,훈독은 の입니다. 특별한 점은 없습니다.,no
37,N4,都,도읍 도,"""도읍 도"". 대도시, 수도",ト、ツ,みやこ,"都 = 者 + ⻏。 「者」는 ""사람""을 뜻합니다. 「⻏」는 ""도시""를 뜻하는 부수입니다(링크 참조). 都는 ""사람(者)이 많이 사는대도시(⻏)"" -> ""대도시, 수도""라는 뜻의 글자입니다.",음독은 ト、ツ입니다. 사용 빈도는 ト가 훨씬 높습니다.,"都는 ""수도, 도읍""을 뜻합니다.",no
38,N4,以,써 이,"""써 이"". ~로써, ~부터",イ,,"以는 본래 ""쟁기로 밭을 가는 사람(人)""을 그린 상형문자입니다. ""도구를 쓰면서부터농사가 쉬워졌다"" -> ""~부터, ~로써""라는 의미입니다.",음독은 イ입니다. 특별한 점은 없습니다.,以의 정식 훈독은 없습니다.,no
39,N4,思,생각 사,"""생각 사"". 생각하다",シ,おも(う),"思 = 田 + 心。 「田」는 ""밭""을 뜻합니다. 心(""마음 심"")은 ""마음""을 뜻하는 상용한자입니다. 心는 ""심장""을 본따 그린 상형문자입니다. ""심장"" -> ""마음""이라는 의미입니다. 思는 ""농사일(田)에 관한 생각이 마음속(心)을 가득 채우다"" -> ""생각하다""라는 뜻의 글자입니다.",음독은 シ입니다. 특별한 점은 없습니다.,"思う는 ""생각하다""라는 뜻의 타동사입니다.",no
40,N4,家,집 가,"""집 가"". 집",カ、ケ,いえ、や,"家 = 宀 + 豕。 「宀」는 ""집""을 뜻하는 부수입니다. 「豕」는 ""돼지""를 뜻하는 부수입니다(링크 참조). 家는 ""돼지(豕)를 키우는 집(宀)"" -> ""집""이라는 뜻의 글자입니다.",음독은 カ、ケ입니다. 사용 빈도는 カ가 높은 편입니다.,"家는 ""집""을 뜻합니다.",no
41,N4,世,세상 세,"""세상 세"". 세상, 세계, 세대",セイ、セ,よ,"世는 ""나뭇가지에 돋아난 새싹들""을 그린 상형문자입니다. ""매년 새로 돋아나는 새싹"" -> ""세대"" -> ""세상, 세계""라는 의미입니다.",음독은 セイ、セ입니다. 특별한 구분법은 없습니다.,"世는 ""세상, 사회, (역사상의) 시대""를 뜻합니다.",no
42,N4,区,구역 구,"""구역 구"". 구역, 구획, 경계",ク,,"区는 ""네모난 공간(匚)을 네 구역(㐅)으로 나눈 모습""을 그린 글자입니다. ""구역을 나누다"" -> ""구역, 구획, 경계""라는 의미입니다.",음독은 ク입니다. 특별한 점은 없습니다.,区의 정식 훈독은 없습니다.,no
43,N4,県,고을 현,"""고을 현"". 현(일본의 행정 구역)",ケン,,"県 = 目 +𠃊+ 小。 県는 본래 ""목매달린 사람""의 모습을 그린 상형문자입니다. 目는 ""사람의 머리"",𠃊는 ""목이 매달린 줄"", 小는 ""몸통과 팔다리""를 각각 모양자로서 표현한 것입니다. 다만, 현재는 본래 뜻과는 관련없이 단순히 발음만 차용한 행정 구역의 단위로서 쓰이고 있습니다.",음독은 ケン입니다. 특별한 점은 없습니다.,県의 정식 훈독은 없습니다.,no
44,N4,進,나아갈 진,"""나아갈 진"". 나아가다, 올라가다",シン,すす(む)、すす(める),"進 = ⻌ + 隹。 「⻌」는 ""길""을 뜻합니다. 「隹」는 ""새""를 뜻하는 부수입니다(링크 참조). 進는 ""길(⻌)을 걸어가는 새(隹)""라는 뜻입니다. 새는 앞으로밖에 걸어갈 수 없다는 특징이 있습니다. ""앞으로만 걷는 새"" -> ""나아가다""라는 의미입니다.",음독은 シン입니다. 특별한 점은 없습니다.,"進む는 ""나아가다""라는 뜻의 자동사입니다. 進める는 ""나아가게 하다, 진행시키다""라는 뜻의 2그룹 타동사입니다. 예문) 前に進む 앞으로 나아가다(전진하다) 波を蹴立てて進む 파도를 헤치며 나아가다 会議を進める 회의를 진행시키다 工事を進める 공사를 진척시키다",no
45,N4,正,바를 정,"""바를 정"". 바르다",セイ、ショウ,ただ(しい)、ただ(す)、まさ,"正 = 一 + 止。 一는 여기서는 ""성문""을 그린 모양자입니다. 「止」는 ""발""을 뜻하는 부수입니다(링크 참조). 正는 ""성문(一)을 향해 진격하는 발(止)""이라는 뜻입니다. 전쟁을 일으키고 적을 토벌하기 위해서는 정당한 명분이 있어야 합니다. ""정당한 명분"" -> ""바르다""라는 의미입니다.",음독은 セイ、ショウ입니다. 특별한 구분법은 없습니다.,"正しい는 ""바르다""라는 뜻의 형용사입니다. 正す는 ""바로잡다, 고치다""라는 뜻의 타동사입니다.",no
46,N4,院,집 원,"""집 원"". 관청/학교/병원 등 각종 기관",イン,,"院 = ⻖ + 宀 + 元。 「⻖」는 ""언덕, 산""을 뜻합니다.여기서는 ""높은 언덕"" -> ""경계, 담장""이라는 뜻으로 쓰인 것입니다. 「宀」는 ""집""을 뜻합니다. 元(""으뜸 원"")은 ""으뜸, 근원""을 뜻하는 상용한자입니다. 元 = 一 + 兀。 兀는 여기서는「人」가 변형된 것으로, ""사람""을 뜻합니다. 一는 여기서는 ""사람(兀)의 머리""를 강조해서 표현한 모양자입니다. 元는 ""사람(兀)의 머리(一)"" -> ""으뜸, 근본, 근원""이라는 뜻의 글자입니다. 院는 ""높은담장(⻖)으로 둘러싸인 중요한(元) 집(宀)""-> ""기관""이라는 뜻의 글자입니다.",음독은 イン입니다. 특별한 점은 없습니다.,院의 정식 훈독은 없습니다.,no
47,N4,心,마음 심,"""마음 심"". 마음, 의식, 정신",シン,こころ,"心는 ""심장""을 본따 그린 상형문자입니다. ""심장"" -> ""마음""이라는 의미입니다.",음독은 シン입니다. 특별한 점은 없습니다.,"心는 ""마음""을 뜻합니다.",no
48,N4,界,지경 계,"""지경 계"". 경계, 범위 안",カイ,,"界 = 田 + 介。 「田」는 ""밭""을 뜻합니다. 介(""끼일 개"")는 ""끼다, 끼이다""라는 뜻의 상용한자입니다. 介는 ""갑옷을 껴입은 모습""을 그린 상형문자입니다. ""갑옷을 껴입다"" -> ""끼다, 끼이다""라는 의미입니다. 界는 ""논밭(田)들 사이에 끼인(介) 경계선""-> ""경계, 범위 안""이라는 뜻의 글자입니다.",음독은 カイ입니다. 특별한 점은 없습니다.,界의 정식 훈독은 없습니다.,no
49,N4,産,낳을 산,"""낳을 산"". 낳다, 생산하다",サン,う(む)、う(まれる)、うぶ,"産 = 产 + 生。 产는 여기서는「广」이 변형된 것으로, ""집, 건물""을 뜻합니다. 「生」는 ""태어나다""라는 뜻입니다. 産는 ""집(产)에서 아기가 태어나다(生)"" -> ""낳다, 생산하다""라는 뜻의 글자입니다.",음독은 サン입니다. 특별한 점은 없습니다.,"産む는 ""낳다""라는 뜻의 타동사입니다. 産まれる는 ""태어나다""라는 뜻의 2그룹 자동사입니다.",no
50,N4,教,가르칠 교,"""가르칠 교"". 가르치다",キョウ,おし(える)、おそ(わる),"教 = 耂 + 子 + 攵。 「耂」는 ""노인""을 뜻합니다. 「子」는 ""아이""를 뜻합니다. 「攵」는 ""때리다, 치다""라는 뜻의 부수입니다. 教는 ""할아버지(耂)가 아이(子)를 회초리로 때리며(攵) 가르치다"" -> ""가르치다""라는 뜻의 글자입니다.",음독은 キョウ입니다. 특별한 점은 없습니다.,"教える는 ""가르치다""라는 뜻의 2그룹 타동사입니다. 教わる는 ""가르침을 받다""라는 뜻의 타동사입니다.",no
51,N4,文,글월 문,"""글월 문"". 문장, 문예, 글자",ブン、モン,ふみ,"文은 ""가슴팍에 커다란 문신이 있는 사람""을 그린 상형문자입니다. ""문신"" -> ""문양"" -> ""문자, 문장, 문예""라는 의미입니다.",음독은 ブン、モン입니다. 특별한 구분법은 없습니다.,"文는 ""편지, 책, 문서""를 뜻합니다.",no
52,N4,元,으뜸 원,"""으뜸 원"". 근본, 근원, 으뜸",ゲン、ガン,もと,"元 = 二 + 儿。 儿는「人」가 변형된 것으로, ""사람""을 뜻합니다. 二는 여기서는 ""사람(儿)의 머리""를 강조해서 그린 모양자입니다. 元는 ""사람(儿)의 머리(二)"" -> ""으뜸, 근본, 근원""이라는 뜻의 글자입니다.",음독은 ゲン、ガン입니다. 특별한 구분법은 없습니다.,"元는 ""기원, 근원""을 뜻합니다.",no
53,N4,重,무거울 중,"""무거울 중"". 무겁다, 겹치다",ジュウ、チョウ,え、おも(い)、かさ(ねる)、かさ(なる),"重는 본래 ""무거운 봇짐을 진 사람""을 그린 상형문자입니다. 시간이 지나며 왼쪽의 ""사람"" 부분은 생략되고 오른쪽의 ""봇짐"" 부분만 남아서 지금의 형태가 된 것입니다. ""무거운 봇짐"" -> ""무겁다, 겹치다""라는 의미입니다.",음독은 ジュウ、チョウ입니다. 특별한 구분법은 없습니다.,"1.重い 重い는 ""무겁다""라는 뜻의 형용사입니다. 예문) 鉄は水より重い 철은 물보다 무겁다 2.重ねる、重なる 重ねる는 ""포개다, 겹치다, 거듭하다""라는 뜻의 2그룹 타동사입니다. 重なる는 ""겹쳐지다, 포개지다, 거듭되다""라는 뜻의 자동사입니다. 예문) 皿を重ねる 접시를 포개다(쌓아놓다) 失敗を重ねる 실패를 거듭하다 落ち葉が重なっている 낙엽이 쌓여 있다 重なる災難거듭되는 재난 3. え 重는 숫자를 나타내는 단어 뒤에 붙어서 ""~겹""이라는 뜻을 나타내는 접미사입니다.",no
54,N4,近,가까울 근,"""가까울 근"". 가깝다",キン,ちか(い),"近 = ⻌ + 斤。 「⻌」는 ""길""을 뜻합니다. 「斤」는 ""도끼""를 뜻합니다. 近는 ""길(⻌)에서 도끼(斤)를 든 강도를 만나다""라는 뜻입니다. ""강도가 눈앞에 있다"" -> ""가깝다""라는 의미입니다.",음독은 キン입니다. 특별한 점은 없습니다.,"近い는 ""가깝다""라는 뜻의 형용사입니다.",no
55,N4,考,생각할 고,"""생각할 고"". 생각하다, 깊이 헤아리다, 조사하다",コウ,かんが(える),"考 = 耂 + 丂。 「耂」는 ""노인""을 뜻합니다. 丂는 여기서는 ""지팡이""를 그린 모양자입니다. 考는 ""지팡이를 짚고(丂) 생각에 잠긴 노인(耂)"" -> ""생각하다, 깊이 헤아리다""라는 뜻의 글자입니다.",음독은 コウ입니다. 특별한 점은 없습니다.,"考える는 ""생각하다, 고려하다, 구상하다""라는 뜻의 2그룹 타동사입니다.",no
56,N4,画,그림 화/그을 획,"""그림 화/그을 획"". 그림/획",ガ、カク,,"画는 ""논밭(田) 주위에 그어놓은 경계선""을 그린 상형문자입니다. ""논밭 주위에 경계선을 긋다"" -> ""획, 그리다""라는 의미입니다.",음독은 ガ、カク입니다. 구분법은 다음과 같습니다. 아래 예시단어를 참조해 주세요.,画의 정식 훈독은 없습니다.,no
57,N4,海,바다 해,"""바다 해"". 바다",カイ,うみ,"海 = 氵 + 毎。 「氵」는 ""물""을 뜻하는 부수입니다(링크 참조). 「毎」는 본래 ""머리에 비녀를 꽂은 어머니""를 그린 글자입니다(링크 참조). 대지나 바다는 흔히 ""생명의 어머니""로 비유되곤 합니다. 海는 ""생명의 어머니(毎)인바다(氵)"" -> ""바다""라는 뜻의 글자입니다.",음독은 カイ입니다. 특별한 점은 없습니다.,"海는 ""바다""를 뜻합니다.",no
58,N4,売,팔 매,"""팔 매"". 팔다",バイ,う(る)、う(れる),"売 = 士 + 冖 + 儿。 士는 여기서는 ""도자기""를 그린 모양자입니다. 冖는 여기서는 ""(노점의) 판매대""를 그린 모양자입니다. 儿는「人」가 변형된 것으로, ""사람""을 뜻합니다. 売는 ""도자기(士)를 진열해두고(冖) 파는노점상(儿)"" -> ""팔다""라는 뜻의 글자입니다.",음독은 バイ입니다. 특별한 점은 없습니다.,"売る는 ""팔다""라는 뜻의 타동사입니다. 売れる는 ""팔리다""라는 뜻의 2그룹 자동사입니다.",no
59,N4,知,알 지,"""알 지"". 알다, 지혜",チ,し(る),"知 = 矢 + 口。 「矢」는 ""화살""을 뜻하는 부수입니다(링크 참조).여기서는 ""화살을 날리다"" -> ""전달하다""라는 뜻으로 쓰인 것입니다. 「口」는 ""입""을 뜻합니다. 知는 ""말(口)로 지식을 전달하다(矢)"" -> ""지식, 알다""라는 뜻의 글자입니다.",음독은 チ입니다. 특별한 점은 없습니다.,"知る는 ""알다""라는 뜻의 1그룹 타동사입니다.",no
60,N4,集,모을 집,"""모을 집"". 모이다, 모으다",シュウ,あつ(まる)、あつ(める)、つど(う),"集 = 隹 + 木。 「隹」는 ""새""를 뜻하는 부수입니다. 「木」는 ""나무""를 뜻합니다. 集는 ""나무(木) 위에 모여앉은 새들(隹)"" -> ""모이다""라는 뜻의 글자입니다.",음독은 シュウ입니다. 특별한 점은 없습니다.,"1.集める、集まる 集める는 ""모으다""라는 뜻의 2그룹 타동사입니다. 集まる는 ""모이다""라는 뜻의 자동사입니다. 예문) データを集める 데이터를 모으다 人材を集める 인재를 모으다 視線が集まる 시선이 쏠리다 広場に集まる 광장에 모이다 2.集う 集う는 ""모이다""라는 뜻의 자동사입니다. 예문) 全員が集う 전원이 모이다 참고)集まる、集う의 차이점 아래 예문을 참조해 주세요. 예문) 視線が集まる 시선이 쏠리다(集う는 불가능) 全員が集う 전원이 모이다(集まる도 가능)",no
61,N4,別,다를/나눌 별,"""다를/나눌 별"". 나누다, 다르다",ベツ,わか(れる),"別 = 𠮠 + 刂。 𠮠는「冎」가 변형된 것으로, ""뼈""를 뜻합니다(링크 참조). 「刂」는 ""칼""을 뜻합니다. 別는 ""고기에서 뼈(𠮠)를 발라내다(刂)"" -> ""분리하다, 나누다""라는 뜻의 글자입니다.",음독은 ベツ입니다. 특별한 점은 없습니다.,"別れる는 ""작별하다, 헤어지다""라는 뜻의 2그룹 자동사입니다.",no
62,N4,物,물건 물,"""물건 물"". 물건",ブツ、モツ,もの,"物 = 牜 + 勿。 「牜」는 ""소""를 뜻하는 부수입니다(링크 참조). 勿는 여기서는 ""무언가를 칼로 내리치는 모습""을 그린 모양자입니다. 物는 ""소의 뿔(牜)을 칼로 내리쳐(勿) 잘라내다""라는 뜻입니다. ""잘라낸 소의 뿔"" -> ""물건, 제품""이라는 의미입니다.",음독은 ブツ、モツ입니다. 특별한 구분법은 없습니다.,훈독은 もの입니다. 특별한 점은 없습니다.,no
63,N4,引,끌 인,"""끌 인"". 당기다",イン,ひ(く)、ひ(ける),"引 = 弓 + 丨。 「弓」는 ""활""을 뜻하는 부수입니다. 丨는 여기서는 ""활시위""를 그린 모양자입니다. 引는 ""활(弓)의 시위(丨)를 당기다"" -> ""당기다""라는 뜻의 글자입니다.",음독은 イン입니다. 특별한 점은 없습니다.,"引く는 ""끌다, 당기다""라는 뜻의 타동사입니다. 引ける는 ""(그날의 일이) 끝나다/파하다, 기가 죽다""라는 뜻의 2그룹 자동사입니다. 예문) 綱を引く 밧줄을 끌어당기다 目を引く広告눈길을 끄는 광고 学校は3時に引ける 학교는 3시에 끝난다 気が引ける 기가 죽다",no
64,N4,使,부릴 사,"""부릴 사"". 쓰다, 사용하다",シ,つか(う),"使 = 亻 + 吏。 「亻」는 ""사람""을 뜻합니다. 吏(""벼슬아치 리"")는 ""관리, 벼슬아치""를 뜻하는 상용한자입니다. 吏는 ""제사를 지낼 때 쓰는 주술 도구를 든 손""을 그린 상형문자입니다. ""제사를 주관하는 제사장"" -> ""관리, 벼슬아치""라는 의미입니다. 使는 ""벼슬아치(吏)가 아랫사람(亻)을 부리다"" -> ""사용하다""라는 뜻의 글자입니다.",음독은 シ입니다. 특별한 점은 없습니다.,"使う는 ""사용하다""라는 뜻의 타동사입니다.",no
65,N4,所,바 소,"""바 소"". 곳, 장소",ショ,ところ,"所 = 戸 + 斤。 戸(""집 호"")는 ""출입구, 문, 집""을 뜻하는 상용한자입니다. 戸는 ""외닫이 문""을 본따 그린 상형문자입니다. ""외닫이 문"" -> ""집, 문, 출입구""라는 의미입니다. 「斤」는 ""도끼""를 뜻하는 부수입니다. 所는 ""도끼(斤)로 벽을 부수고 출입구(戸)를 만들다""라는 뜻입니다. ""출입할 수 있는 공간"" -> ""곳, 장소""라는 의미입니다.",음독은 ショ입니다. 특별한 점은 없습니다.,"所는 ""곳, 장소""를 뜻합니다.",no
66,N4,品,물건 품,"""물건 품"". 물건, 물품",ヒン,しな,"品는 ""여러 개의 물건을 쌓아놓은 모습""을 그린 상형문자입니다.",음독은 ヒン입니다. 특별한 점은 없습니다.,"品는 ""물건, 물품, 품질""을 뜻합니다.",no
67,N4,計,셀 계,"""셀 계"". 수를 세다, 계산하다",ケイ,はか(る)、はか(らう),"計 = 言 + 十。 「言」는 ""말하다""라는 뜻입니다. 「十」는 ""10""을 뜻합니다. 計는 ""숫자를 10(十)까지 세다(言)""-> ""셈, 계산""이라는 뜻의 글자입니다.",음독은 ケイ입니다. 특별한 점은 없습니다.,"計る는 ""세다""라는 뜻의 타동사입니다. 計らう는 ""배려하다, 적절히 조처하다""라는 뜻의 타동사입니다.",no
68,N4,死,죽을 사,"""죽을 사"". 죽음, 죽다",シ,し(ぬ),"死 = 歹 + 匕。 「歹」는 ""시체""를 뜻하는 부수입니다(링크 참조). 「匕」는 ""넘어져있는 사람""을 뜻합니다. 死는 ""죽어 넘어져(匕) 뼈만 남은 시체(歹)"" -> ""죽다""라는 뜻의 글자입니다.",음독은 シ입니다. 특별한 점은 없습니다.,"死ぬ는 ""죽다""라는 뜻의 자동사입니다.",no
69,N4,特,특별할 특,"""특별할 특"". 특별함",トク,,"特 =牜 + 寺。 「牜」는 ""소""를 뜻합니다. 寺(ジ - ""절 사"")는 ""절, 사찰""을 뜻하는 상용한자입니다. 寺 = 土 + 寸。 「寸」는""손""을 뜻합니다. 「土」는 ""흙""을 뜻합니다. 寺는 ""무덤(土)앞에서 합장하는(寸) 스님""이라는 뜻의 글자입니다. ""합장하는 스님"" -> ""절""이라는 의미입니다. 먼 옛날에는 소가 신성한 동물로서 숭배되는 경우가 많았다고 합니다. 特는 ""신성한 동물(牜) + 신성한 장소(寺)"" -> ""특별하다""라는 뜻의 글자입니다.",음독은 トク입니다. 특별한 점은 없습니다.,特의 정식 훈독은 없습니다.,no
70,N4,私,사사로울 사,"""사사로울 사"". 나, 개인",シ,わたし、わたくし,"私 = 禾 + 厶。 「禾」는 ""곡식""을 뜻하는 부수입니다(링크 참조). 「厶」는 ""사사로운, 개인적인""이라는 뜻의 부수입니다(링크 참조). 私는 ""내 소유(厶)의 곡식(禾)"" -> ""나, 개인""이라는 뜻의 글자입니다.",음독은 シ입니다. 특별한 점은 없습니다.,"私는 ""나""라는 뜻입니다. 주로 여자가 쓰는 일인칭이며, 남성이 쓸 경우는 공적인 자리에서 격식을 차릴 때 씁니다. 私는私보다 조금 더 격식을 차린 말투입니다.",no
71,N4,始,시작 시,"""시작 시"". 시작, 시작하다",シ,はじ(める)、はじ(まる),"始 = 女 + 台。 「女」는 ""여자""를 뜻합니다. 台(""대 대"")는 ""받침대""라는 뜻의 상용한자입니다.여기서는 ""부엌의 도마""를 뜻합니다. 台 = 厶 + 口。 口는 여기서는 ""받침대""를 그린 모양자입니다. 厶는 여기서는 단순히 ""무언가 올려져있는 모습""을 그린 모양자입니다. 台는 ""무언가 올려져있는(厶) 받침대(口)"" -> 받침대""라는 뜻의 글자입니다. 여자아이가 집안일을 배울 수 있는 나이가 되면 가사를 배우게 됩니다. 始는 ""여자아이(女)가부엌일(台)을 배우기 시작하다"" -> ""시작하다""라는 뜻의 글자입니다.",음독은 シ입니다. 특별한 점은 없습니다.,"始まる는 ""시작되다""라는 뜻의 자동사입니다. 始める는 ""시작하다""라는 뜻의 2그룹 타동사입니다.",no
72,N4,朝,아침 조,"""아침 조"". 아침",チョウ,あさ,"朝 =𠦝+ 月。 「𠦝」는 ""떠오르는 아침해""를 그린 글자입니다(링크 참조). 「月」는 ""달""을 뜻합니다. 朝는 ""막 떠오르는 아침해(𠦝)와 아직 지지 않은 달(月)"" -> ""아침""이라는 뜻의 글자입니다.",음독은 チョウ입니다. 특별한 점은 없습니다.,"朝는 ""아침""을 뜻합니다.",no
73,N4,村,마을 촌,"""마을 촌"". 마을",ソン,むら,"村 = 木 + 寸。 「木」는 ""나무""를 뜻합니다. 「寸」는 ""손""을 뜻합니다. 村는 ""사람의 손(寸)이 닿은 숲속(木)의 마을"" -> ""마을""이라는 뜻의 글자입니다.",음독은 ソン입니다. 특별한 점은 없습니다.,"村는 ""마을""을 뜻합니다.",no
74,N4,運,옮길 운,"""옮길 운"". 옮기다, 운반하다, 나르다, 운/행운",ウン,はこ(ぶ),"運 = ⻌ + 冖 + 車。 「⻌」는 ""길""을 뜻합니다. 「車」는 ""수레, 차""를 뜻합니다. 冖는 여기서는 ""수레 위에 실은 짐""을 그린 모양자입니다. 運는 ""짐(冖)을 가득 싣고 길(⻌)을 가는 수레(車)"" -> ""옮기다, 운반하다""라는 뜻의 글자입니다.",음독은 ウン입니다. 특별한 점은 없습니다.,"運ぶ는 ""옮기다, 운반하다""라는 뜻의 타동사입니다.",no
75,N4,終,마칠 종,"""마칠 종"". 끝나다, 마지막",シュウ,お(わる)、お(える),"終 = 糸 + 冬。 「糸」는 ""실""을 뜻하는 부수입니다(링크 참조). 冬(""겨울 동"")은 ""겨울""을 뜻하는 상용한자입니다. 冬 = 夂 + 冫。 「夂」는 ""발""을 뜻하는 부수입니다. 「冫」는 ""얼음""을 뜻하는 부수입니다(링크 참조). 冬는 ""발(夂) 밑의 얼음(冫)"" -> ""얼어붙은 길"" -> ""겨울""이라는 뜻의 글자입니다. 終는 ""실(糸)의 끝부분 + 한 해의 마지막 계절(冬)"" -> ""끝나다""라는 뜻의 글자입니다.",음독은 シュウ입니다. 특별한 점은 없습니다.,"終わる는 ""끝나다""라는 뜻의 자동사 겸 타동사입니다. 終える는 ""끝내다, 마치다""라는 뜻의 2그룹 타동사입니다.",no
76,N4,台,대 대,"""대 대"". 받침대",ダイ、タイ,,"台 = 厶 + 口。 口는 여기서는 ""받침대""를 그린 모양자입니다. 厶는 여기서는 단순히 ""무언가 올려져있는 모습""을 그린 모양자입니다. 台는 ""무언가 올려져있는(厶) 받침대(口)"" -> 받침대""라는 뜻의 글자입니다.",음독은 ダイ、タイ입니다. 특별한 구분법은 없습니다.,台의 정식 훈독은 없습니다.,no
77,N4,広,넓을 광,"""넓을 광"". 넓다",コウ,ひろ(い)、ひろ(まる)、ひろ(める)、ひろ(がる)、ひろ(げる),"広 = 广 + 厶。 「广」는 ""건물, 집""을 뜻합니다. 「厶」는 ""사사로운, 개인적인""이라는 뜻입니다. 広는 ""개인 소유(厶)의 대저택(广)"" -> ""넓다""라는 뜻의 글자입니다.",음독은 コウ입니다. 특별한 점은 없습니다.,"1.広い 広い는 ""넓다""라는 뜻의 형용사입니다. 예문) 広い部屋넓은 방 見聞が広い 견문이 넓다 2.広まる・広がる 広まる・広がる는 ""넓어지다, 퍼지다""라는 뜻의 자동사입니다. 둘의 차이점은 문서 하단의 설명을 참조해 주세요. 예문) 知識が広まる 지식이 넓어지다 仏教が広まる 불교가 널리 퍼지다 道路が広がった 도로가 넓어졌다 火事が広がる 화재가 번지다 3.広める・広げる 広める・広げる는 ""범위를 넓히다, 확장하다""라는 뜻의 2그룹 타동사입니다. 둘의 차이점은 문서 하단의 설명을 참조해 주세요. 예문) 噂を広める 소문을 퍼뜨리다 新たな文化を広める 새로운 문화를 널리 확산시키다 領土を広げる 영토를 확장하다 事業を広げる 사업을 확장하다 机に地図を広げる 책상에 지도를 펼치다 참고) 「広まる・広める」와 「広がる・広げる」의 차이점 아래 예문을 참조해 주세요. 예문) 仏教が広まる 불교가 널리 퍼지다 新たな文化を広める 새로운 문화를 널리 확산시키다 机に地図を広げる 책상에 지도를 펼치다 新聞を広げて読む 신문을 펼치고 읽다",no
78,N4,住,살 주,"""살 주"". 살다, 거주하다",ジュウ,す(む)、す(まう),"住 = 亻 + 主。 「亻」는 ""사람""을 뜻합니다. 「主」는 ""주인""을 뜻합니다. 住는 ""집의 주인(主)인 사람(亻)""이라는 뜻입니다. ""집주인"" -> ""살다, 거주하다""라는 의미입니다.",음독은 ジュウ입니다. 특별한 점은 없습니다.,"住む、住まう는 둘 다 ""거주하다""라는 뜻의 자동사입니다.",no
79,N4,真,참 진,"""참 진"". 참, 진실",シン,ま,"真 = 十 + 目 + 一 + ハ。 「目」는 ""눈""을 뜻합니다. 十+一+ハ는 여기서는 ""눈가의 주름""을 표현한 모양자입니다. 真는 ""눈(目)을 찡그리고(十+一+ハ) 자세히 살펴서 진짜를 구분하다"" -> ""참, 진실""이라는 뜻의 글자입니다.",음독은 シン입니다. 특별한 점은 없습니다.,"真는 ""참다운, 순수한, 완전한""이라는 뜻의 접두어입니다.",no
80,N4,有,있을 유,"""있을 유"". 있다, 가지다",ユウ、ウ,あ(る),"有 = 𠂇 + 月。 「𠂇」는 ""손""을 뜻하는 부수입니다. 「月」는 ""고기""를 뜻하는 부수입니다(링크 참조). 有는 ""고기(月)를 집어든 손(𠂇)""이라는 뜻입니다. ""고기를 든 손"" -> ""고기가 있다"" -> ""있다""라는 의미입니다.",음독은 ユウ、ウ입니다. 사용 빈도는 ユウ가 훨씬 높습니다. ウ는 일부 예외적인 단어에만 쓰이는 음독입니다.,"有る는 ""있다""라는 뜻의 자동사입니다.",no
81,N4,町,밭두둑 정,"""밭두둑 정"". 시가지, 일본의 행정 구역(한국의 ""읍""에 해당)",チョウ,まち,"町 = 田 + 丁。 (의미부)「田」는 ""밭""을 뜻합니다. (소리부)「丁」(チョウ)는 ""못""을 뜻하는 글자입니다(링크 참조). 다만 여기서는 소리부의 역할만 하고 있습니다. 町는 ""논밭(田)"" -> ""마을, 시가지""라는 뜻의 글자입니다(丁는 소리부).",음독은 チョウ입니다. 특별한 점은 없습니다.,"町는 ""마을, 번화가""를 뜻합니다.",no
82,N4,料,헤아릴 료,"""헤아릴 료"". 요금, 재료",リョウ,,"料 = 米 + 斗。 米(""쌀 미"")는 ""쌀""을 뜻하는 상용한자입니다. 米는 ""곡식 낟알이 흩어져있는 모습""을 그린 상형문자입니다. 「斗」는 ""국자""를 뜻하는 부수입니다(링크 참조). 料는 ""국자(斗)로 쌀(米)을 퍼서 양을 계량하다""-> ""재료, 요금""이라는 뜻의 글자입니다.",음독은 リョウ입니다. 특별한 점은 없습니다.,料의 정식 훈독은 없습니다.,no
83,N4,工,장인 공,"""장인 공"". 공작, 공정, 가공",コウ、ク,,"工는 ""목공 작업에 쓰던 기계""를 본따 그린 상형문자입니다. ""목공 작업"" -> ""공작, 가공, 공정""이라는 의미입니다.",음독은 コウ、ク입니다. 사용 빈도는 コウ가 높으나 특별한 구분법은 없습니다.,工의 정식 훈독은 없습니다.,no
84,N4,建,세울 건,"""세울 건"". 설립하다, 세우다, 건설하다",ケン、コン,た(てる)、た(つ),"建 = 廴 + 聿。 「廴」는 ""길""을 뜻하는 부수입니다(링크 참조). 「聿」는 ""붓을 든 손""을 뜻합니다. 建는 ""도로(廴)의 설계도를 그리다(聿)""-> ""설립하다, 세우다, 건설하다""라는 뜻의 글자입니다.",음독은 ケン、コン입니다. 사용 빈도는 ケン이 훨씬 높습니다.,"建てる는 ""(건축물 등을) 짓다, 세우다""라는 뜻의 2그룹 타동사입니다. 建つ는 ""(건축물 등이) 세워지다, 서다""라는 뜻의 자동사입니다.",no
85,N4,急,급할 급,"""급할 급"". 급하다, 갑작스럽다",キュウ,いそ(ぐ),"急 = ⺈ + ⺕ + 心。 「⺈」는 ""칼""을 뜻하는 부수입니다(링크 참조). 「⺕」는 ""손""을 뜻합니다. 「心」는 ""마음""을 뜻합니다. 急는 ""손(⺕)에칼(⺈)을 든 강도에게 쫓기는 다급한 마음(心)""-> ""급하다""라는 뜻의 글자입니다.",음독은 キュウ입니다. 특별한 점은 없습니다.,"急ぐ는 ""서두르다""라는 뜻의 자동사 겸 타동사입니다.",no
86,N4,止,그칠 지,"""그칠 지"". 멈추다, 중지하다",シ,と(まる)、と(める),"止는 ""사람의 발""을 본따 그린 상형문자입니다. ""발걸음이 멈추다"" -> ""멈추다, 중지하다""라는 의미입니다.",음독은 シ입니다. 특별한 점은 없습니다.,"止める는 ""멈추다, 세우다, 중지시키다""라는 뜻의 2그룹 타동사입니다. 止まる는 ""멈추다, 중지하다""라는 뜻의 자동사입니다.",no
87,N4,送,보낼 송,"""보낼 송"". 보내다, 전송하다",ソウ,おく(る),"送 = ⻌ + 关。 「⻌」는 ""길""을 뜻합니다. 「关」는 ""웃음""을 뜻하는 글자입니다(링크 참조) 送는 ""떠나는(⻌)사람을 웃으며(关) 환송하다"" -> ""보내다, 전송하다""라는 뜻의 글자입니다.",음독은 ソウ입니다. 특별한 점은 없습니다.,"送る는 ""보내다, 부치다, 배웅하다""라는 뜻의 타동사입니다. 예문) メールを送る 메일을 보내다 荷物を送る 짐을 부치다 玄関まで送る 현관까지 배웅하다",no
88,N4,切,끊을 절,"""끊을 절"". 자르다",セツ、サイ,き(る)、き(れる),"切 = 七 + 刀。 「七」는 본래 ""칼로 무언가를 내리치는 모습""을 그린 글자입니다(링크 참조). 「刀」는 ""칼""을 뜻합니다. 切는 ""칼(刀)로 내리쳐(七) 자르다"" -> ""자르다""라는 뜻의 글자입니다.",음독은 セツ、サイ입니다. 그러나 절대다수는 セツ로 읽습니다. サイ는 일부 예외적인 단어에만 쓰이는 음독입니다.,"切る는 ""베다, 자르다""라는 뜻의 1그룹 타동사입니다. 切れる는 ""끊어지다, 잘라지다""라는 뜻의 2그룹 자동사입니다.",no
89,N4,説,말씀 설,"""말씀 설"". 설명하다",セツ、ゼイ,と(く),"説 = 言 + 兑。 「言」는 ""말하다""라는 뜻입니다. 「兑」는 ""진지한 표정을 한 사람""을 뜻하는 글자입니다(링크 참조). 説는 ""진지한 얼굴로(兑) 설명하다(言)"" -> ""설명하다""라는 뜻의 글자입니다.",음독은 セツ、ゼイ입니다. 그러나 절대다수는 セツ로 읽습니다. ゼイ는遊説(유세) 외에는 거의 쓰지 않는 음독입니다.,"説く는 ""설명하다, 설득하다""라는 뜻의 타동사입니다.",no
90,N4,転,구를 전,"""구를 전"". 구르다, 돌다, 방향을 전환하다",テン,ころ(がる)、ころ(げる)、ころ(がす)、ころ(ぶ),"転 = 車 + 云。 「車」는 ""수레, 차""를 뜻합니다. 「云」는 ""구름""을 뜻하는 글자입니다(링크 참조). 転는 ""구름(云)이 흐르듯 굴러가는 수레바퀴(車)"" -> ""구르다, 돌다""라는 뜻의 글자입니다.",음독은 テン입니다. 특별한 점은 없습니다.,"1.転がす 転がす는 ""굴리다, 넘어뜨리다""라는 뜻의 타동사입니다. 예문) ボールを転がす 공을 굴리다 花瓶を転がす 꽃병을 쓰러뜨리다 2.転ぶ、転がる、転げる 転ぶ는 ""넘어지다""라는 뜻의 자동사입니다. 転がる는 ""구르다/굴러가다, (아무렇게나)굴러다니다""라는 뜻의 자동사입니다. 転げる는 ""구르다/굴러가다, 넘어지다""라는 뜻의 2그룹 자동사입니다. 예문) 階段で転ぶ 계단에서 넘어지다 ボールが転がる 공이 굴러가다 部屋中にペンが転がっている 방 안에 펜이 굴러다니고 있다. ボールが転げる 공이 굴러가다 躓いて転げる 발이 걸려 넘어지다",no
91,N4,研,갈 연,"""갈 연"". 갈다, 갈고닦다, 노력하다, 연구하다",ケン,と(ぐ),"研 = 石 + 开。 石(""돌 석"")은 ""돌""을 뜻하는 상용한자입니다. 石는 ""절벽에서 굴러 떨어지는 돌""을 그린 상형문자입니다. 开는 여기서는 ""평평한 나무책상""을 그린 모양자입니다. 研는 ""평평한 작업대(开) 위에서 돌(石)을 갈다""라는 뜻입니다. ""돌을 열심히 갈다"" -> ""갈다, 갈고닦다, 노력하다, 연구하다""라는 의미입니다.",음독은 ケン입니다. 특별한 점은 없습니다.,"研ぐ는 ""(칼 따위를) 갈다, (쌀 등을) 씻다""라는 뜻의 타동사입니다. 예문) ナイフを研ぐ 나이프를 갈다 米を研ぐ 쌀을 씻다",no
92,N4,究,연구할 구,"""연구할 구"". 연구하다, 탐구하다",キュウ,きわ(める),"究 = 穴 + 九。 (의미부)「穴」는 ""구멍, 동굴""을 뜻합니다. (소리부)「九」(キュウ)는 여기서는 소리부의 역할만 하고 있습니다. 究는 ""깊은 동굴(穴) 안을 파고들다"" -> ""탐구하다, 연구하다""라는 뜻의 글자입니다(九는 소리부).",음독은 キュウ입니다. 특별한 점은 없습니다.,"究める는 ""깊이 연구하다""라는 뜻의 2그룹 타동사입니다.",no
93,N4,楽,즐길 락,"""즐길 락"". 즐겁다, 편안함, 음악",ガク、ラク,たの(しい)、たの(しむ),"楽 = 冫 + 白 + 冫 + 木。 「木」는 ""나무""를 뜻합니다. 白는 여기서는 ""거문고""를 그린 모양자입니다. 冫+冫는 여기서는 ""(거문고의) 줄""을 그린 모양자입니다. 楽는 ""나무(木)로 만든 거문고(冫+白+冫)를 타다""-> ""음악, 편안함, 즐겁다""라는 뜻의 글자입니다.",음독은 ガク、ラク입니다. 구분법은 다음과 같습니다. 아래 예시단어를 참고해 주세요.,"楽しい는 ""즐겁다, 유쾌하다""라는 뜻의 형용사입니다. 楽しむ는 ""즐기다, 기대하다""라는 뜻의 타동사입니다.",no
94,N4,起,일어날 기,"""일어날 기"". 일어나다",キ,お(きる)、お(こる)、お(こす),"起 = 走 + 己。 (의미부)走(""달릴 주"")는 ""달리다""라는 뜻의 상용한자입니다. 走 = 土 + 止。 「土」는 ""흙, 땅""을 뜻합니다. 「止」는 ""발""을 뜻합니다. 走는 ""땅(土) 위를 달리는 발(止)"" -> ""달리다""라는 뜻의 글자입니다. (소리부 겸 의미부)「己」(キ)는 ""무릎꿇은 사람""을 뜻합니다(링크 참조). 起는 ""무릎꿇은 사람(己)이 벌떡 일어나 달리다(走)"" -> ""일어나다""라는 뜻의 글자입니다. (己는 소리부도 겸함)",음독은 キ입니다. 특별한 점은 없습니다.,"1.起こす 起こす는 ""일으키다""라는 뜻의 타동사입니다. 예문) 体を起こす 몸을 일으키다 事件を起こす 사건을 일으키다 2.起きる、起こる 起きる는 ""일어나다, 발생하다""라는 뜻의 2그룹 자동사입니다. 起こる는 ""일어나다, 발생하다""라는 뜻의 자동사입니다. 둘의 차이점은 다음과 같습니다. 아래 예문을 참조해 주세요. 예문) 朝六時に起きた 아침 6시에 일어났다(起こる는 불가능) 奇跡が起きた 기적이 일어났다(起こる도 가능) 革命が起こった 혁명이 일어났다(起きる도 가능)",no
95,N4,着,붙을 착,"""붙을 착"". 붙다, 입다",チャク、ジャク,き(る)、き(せる)、つ(く)、つ(ける),"着 = ⺶ + 目。 ⺶는「羊」을 살짝 비튼 것으로, ""양""을 뜻합니다(링크 참조). 「目」는 ""눈""을 뜻합니다. 着는 ""눈(目) 위에양털(⺶) 모자를 눌러쓰다"" -> ""입다, 붙다""라는 뜻의 글자입니다.",음독은 チャク、ジャク입니다. 그러나 절대다수는 チャク로 읽습니다. ジャク는 일부 예외적인 단어에만 쓰이는 음독입니다.,"1.着る、着せる 着る는 ""(옷 등을) 입다""라는 뜻의 2그룹 타동사입니다. 着せる는 ""입히다""라는 뜻의 2그룹 타동사입니다. 예문) 着物を着た女기모노를 입은 여자 衣服を着せる 의복을 입히다 2.着く、着ける 着く는 ""도착하다""라는 뜻의 자동사입니다. 着ける는 ""(차량 등을) 대다""라는 뜻의 2그룹 타동사입니다. 예문) 目的地に着いた 목적지에 도착했다 車を玄関に着ける 차를 현관에 대다",no
96,N4,乗,탈 승,"""탈 승"". 타다, 태우다",ジョウ,の(る)、の(せる),"乗 = 立 + 木。 「立」는 ""서다""라는 뜻입니다. 「木」는 ""나무""를 뜻합니다. 乗은 ""나무(木) 위에 올라타 서다(立)""-> ""타다, 태우다""라는 뜻의 글자입니다.",음독은 ジョウ입니다. 특별한 점은 없습니다.,"乗る는 ""타다, 실리다""라는 뜻의 자동사입니다. 乗せる는 ""태우다, 싣다""라는 뜻의 2그룹 타동사입니다.",no
97,N4,病,병 병,"""병 병"". 질병, 아프다",ビョウ、ヘイ,や(む)、やまい,"病 = 疒 + 丙。 (의미부)「疒」는 ""질병, 질환""을 뜻하는 부수입니다(링크 참조). (소리부)丙(ヘイ)는 ""갑을병""의 ""병""을 뜻하는 상용한자입니다. 다만 여기서는 소리부의 역할만 하고 있습니다. 丙는 본래 ""물고기의 꼬리""를 본따 그린 상형문자입니다. 그러나 이후 발음이 비슷하다는 이유로 ""갑을병""의 ""병""으로 쓰이게 된 것입니다. 즉, 丙의 모양과 의미 사이에는 아무런 관계도 없습니다. 病는 ""질병(疒)"" -> ""병, 아프다""라는 뜻의 글자입니다(丙는 소리부).",음독은 ビョウ、ヘイ입니다. 그러나 절대다수는 ビョウ로 읽습니다. ヘイ는疾病(질병) 외에는 거의 쓰지 않는 음독입니다.,"病는 ""병""을 뜻합니다. 病む는 ""앓다, 걱정하다""라는 뜻의 자동사 겸 타동사입니다.",no
98,N4,声,소리 성,"""소리 성"". 소리",セイ、ショウ,こえ、こわ,"声는 ""석경""이라는 돌로 만든 아악기를 그린 상형문자입니다. ""석경을 치는 소리"" -> ""소리""라는 의미입니다.",음독은 セイ、ショウ입니다. 그러나 절대다수는 セイ로 읽습니다. ショウ는 일부 예외적인 단어에만 쓰이는 음독입니다.,"声는 ""목소리""를 뜻합니다.",no
99,N4,質,바탕 질,"""바탕 질"". 성질, 기질, 물질",シツ、シチ、チ,,"質 = 斤 + 斤 + 貝。 「斤」는 ""도끼""를 뜻하는 부수입니다. 「貝」는 ""돈, 재물""을 뜻하는 부수입니다. 質는 ""도끼 두 자루(斤斤)를담보로 돈(貝)을 빌리다""라는 뜻입니다. 이때, 돈을 빌려주는 사람은 담보로 받는 저당물의 가치를 확인해보아야 할 것입니다. ""저당물의 가치"" -> ""품질"" -> ""성질, 기질""이라는 의미입니다. 참고) 質의 본래 뜻이었던 ""저당물""이라는 의미는 지금도人質(인질),質屋(전당포) 등의 단어에 남아서 쓰이고 있습니다.",음독은 シツ、シチ、チ입니다. 대부분은 シツ로 읽습니다. シチ、チ는 일부 예외적인 단어에만 쓰이는 음독입니다.,質의 정식 훈독은 없습니다.,no
100,N4,待,기다릴 대,"""기다릴 대"". 기다리다, 대기하다",タイ,ま(つ),"待 = 彳 + 寺。 「彳」는 ""길""을 뜻하는 부수입니다. 寺(ジ - ""절 사"")는 ""절, 사찰""을 뜻하는 상용한자입니다. 寺 = 土 + 寸。 「寸」는""손""을 뜻합니다. 「土」는 ""흙""을 뜻합니다. 寺는 ""무덤(土)앞에서 합장하는(寸) 스님""이라는 뜻의 글자입니다. ""합장하는 스님"" -> ""절""이라는 의미입니다. 待는 ""유명 사찰(寺)에 들어가기 위해 길(彳)에서 줄서서 기다리다"" -> ""기다리다""라는 뜻의 글자입니다.",음독은 タイ입니다. 특별한 점은 없습니다.,"待つ는 ""기다리다""라는 뜻의 타동사입니다.",no
101,N4,試,시험 시,"""시험 시"". 시험하다",シ,こころ(みる)、ため(す),"試 = 言 + 弋 + 工。 「言」는 ""말하다""라는 뜻입니다. 「弋」는""공구, 도구""를 뜻하는 부수입니다. 「工」는 ""공작, 공정, 가공""을 뜻합니다. 試는 ""목공용(工) 공구(弋)의 사용법을 아는지 물어보다(言)"" -> ""시험해보다""라는 뜻의 글자입니다.",음독은 シ입니다. 특별한 점은 없습니다.,"試す는 ""시험해 보다, 시도해보다""라는 뜻의 타동사입니다. 試みる는 ""시험해 보다, 시도해보다""라는 뜻의 2그룹 타동사입니다. 둘의 차이점은 다음과 같습니다. 아래 예문을 참조해 주세요. 예문) 車の性能を試す 차의 성능을 시험해 보다 体力の限界を試してみる 체력의 한계를 시험해 보다 別の方法を試す 다른 방법을 시도하다 脱出を試みる 탈출을 시도하다 盗塁を試みる 도루를 시도하다 新しい治療法を試みる 새로운 치료법을 시험해 보다",no
102,N4,族,겨레 족,"""겨레 족"". 가족, 일족, 민족",ゾク,,"族 = 𭤨 + 矢。 「𭤨」는 ""바람에 나부끼는 깃발""을 뜻하는 글자입니다(링크 참조). 「矢」는 ""화살""을 뜻합니다. 族는 ""하나의 깃발(𭤨) 아래 뭉친 무장집단(矢)"" -> ""민족, 일족, 가족""이라는 뜻의 글자입니다.",음독은 ゾク입니다. 특별한 점은 없습니다.,族의 정식 훈독은 없습니다.,no
103,N4,銀,은 은,"""은 은"". 은(silver)",ギン,,"銀 = 金 + 艮。 「金」는 ""황금""을 뜻합니다. 「艮」는 ""천민""을 뜻하는 부수입니다(링크 참조). 銀은 ""금(金)보다 천한(艮) 금속"" -> ""은""이라는 뜻의 글자입니다.",음독은 ギン입니다. 특별한 점은 없습니다.,銀의 정식 훈독은 없습니다.,no
104,N4,早,이를 조,"""이를 조"". 이르다, (시간적으로) 빠르다",ソウ、サッ,はや(い)、はや(まる)、はや(める),"早 = 日 + 十。 「日」는 ""태양""을 뜻합니다. 十는 여기서는 ""지평선""을 그린 모양자입니다. 早는 ""지평선(十) 위로해(日)가막 떠오르는 아침"" -> ""이른 시간, 이르다""라는 뜻의 글자입니다.","음독은 ソウ、サッ입니다. 사용 빈도는 ソウ가 훨씬 높습니다. サッ은早速(곧/즉시),早急(시급/매우 급함) 외에는 거의 쓰지 않는 음독입니다.","早い는 ""(시간적으로) 이르다""라는 뜻의 형용사입니다. 早まる는 ""(시일 등이) 빨라지다, 앞당겨지다""라는 뜻의 자동사입니다. 早める는 ""(기일, 시각 등을) 예정보다 앞당기다""라는 뜻의 2그룹 타동사입니다.",no
105,N4,映,비칠 영,"""비칠 영"". 비추다, 비치다",エイ,うつ(る)、うつ(す)、は(える),"映 = 日 + 央。 「日」는 ""태양""을 뜻합니다. 央(""가운데 앙"")은 ""중앙""을 뜻하는 상용한자입니다. 央는 ""목에 칼(冂)을 찬 죄수(大)""를 그린 상형문자입니다. ""칼 중앙에 매여있는 죄수"" -> ""중앙""이라는 의미입니다. 映는 ""하늘 중앙(央)에서 세상을 비추는 태양(日)"" -> ""비추다""라는 뜻의 글자입니다.",음독은 エイ입니다. 특별한 점은 없습니다.,"1.映る、映す 映る는 ""반영하다, 비치다""라는 뜻의 자동사입니다. 映す는 ""비추다""라는 뜻의 타동사입니다. 예문) 水に映る影물에 비치는 그림자 スライドをスクリーンに映す 슬라이드를 스크린에 비추다 2.映える 映える는 ""(빛을 받아) 빛나다""라는 뜻의 2그룹 자동사입니다. 예문) 夕日に映える海面석양에 빛나는 해수면",no
106,N4,親,친할 친,"""친할 친"". 부모, 친밀한",シン,おや、した(しい)、した(しむ),"親 = 立 + 木 + 見。 「立」는 ""서다""라는 뜻입니다. 「木」는 ""나무""를 뜻합니다. 「見」는 ""보다""라는 뜻입니다. 親는 ""나무(木) 뒤에 서서(立) 아이를 지켜보는(見) 부모"" -> ""부모, 친밀한""이라는 뜻의 글자입니다.",음독은 シン입니다. 특별한 점은 없습니다.,"親는 ""부모""를 뜻합니다. 親しい는 ""친하다""라는 뜻의 형용사입니다. 親しむ는 ""친하게 지내다, 가까이하다""라는 뜻의 자동사입니다.",no
107,N4,験,시험 험,"""시험 험"". 시험하다, 경험, 효과",ケン、ゲン,,"験 = 馬 + 㑒。 (의미부)馬(""말 마"")는 ""말""을 뜻하는 상용한자입니다. 馬는""말""의 모습을 본따 그린 상형문자입니다. (소리부 겸 의미부)「㑒」(ケン)은 ""뾰족하다, 날카롭다""라는 뜻의 글자입니다(링크 참조). 験은 ""말(馬)을 타고 응시하는 무술(㑒) 시험"" -> ""시험""이라는 뜻의 글자입니다. (㑒은 소리부(ケン -> ケン・ゲン)도 겸함)",음독은 ケン、ゲン입니다. 사용 빈도는 ケン이 훨씬 높습니다. ゲン은 일부 예외적인 단어에만 쓰이는 음독입니다.,験의 정식 훈독은 없습니다.,no
108,N4,働,,"일하다, 노동하다(일본에서 만들어진 한자)",ドウ,はたら(く),"働 = 亻 + 動。 (의미부)「亻」는 ""사람""을 뜻합니다. (소리부 겸 의미부)「動」(ドウ)는 ""움직이다""라는 뜻입니다. 働는 ""열심히 움직이는(動) 사람(亻)"" -> ""일하다""라는 뜻의 글자입니다. (動는 소리부도 겸함)",음독은 ドウ입니다. 특별한 점은 없습니다.,"働く는 ""일하다""라는 뜻의 자동사입니다.",no
109,N4,好,좋을 호,"""좋을 호"". 사랑하다, 좋아하다",コウ,この(む)、す(く),"好 = 女 + 子。 「女」는 ""여자""를 뜻합니다. 「子」는 ""아이""를 뜻합니다. 好는 ""아기(子)를 꼭 끌어안은 여자(女)"" -> ""사랑하다, 좋아하다""라는 뜻의 글자입니다.",음독은 コウ입니다. 특별한 점은 없습니다.,"1.好む 好む는 ""(취향 등을) 좋아하다, 즐기다""라는 뜻의 타동사입니다. 예문) 読書を好む 독서를 즐기다 英雄色を好む 영웅호색 2.好く 好く는 ""좋아하다, (이성에게) 애정을 품다""라는 뜻의 타동사입니다. 다만, 동사로 쓰는 경우는 거의 없고 대개는「好き」의 형태로만 사용됩니다. 예문) 好きな人좋아하는 사람(이성에 대한 연심을 의미) 好きな音楽좋아하는 음악",no
110,N4,英,꽃부리/뛰어날 영,"""꽃부리/뛰어날 영"". 뛰어나다, 영국",エイ,,"英 = 艹 + 央。 「艹」는 ""풀""을 뜻하는 부수입니다. 央(""가운데 앙"")은 ""중앙""을 뜻하는 상용한자입니다. 央는 ""목에 칼(冂)을 찬 죄수(大)""를 그린 상형문자입니다. ""칼 중앙에 매여있는 죄수"" -> ""중앙""이라는 의미입니다. 英는 ""잔디밭(艹) 중앙(央)에 홀로 핀 화려한 꽃"" -> ""뛰어나다""라는 뜻의 글자입니다.",음독은 エイ입니다. 특별한 점은 없습니다.,英의 정식 훈독은 없습니다.,no
111,N4,頭,머리 두,"""머리 두"". 머리, 우두머리",トウ、ズ、ト,あたま、かしら,"頭 = 豆 + 頁。 (소리부 겸 의미부)「豆」(トウ、ズ)는 ""콩, 둥근 것""을 뜻하는 부수입니다(링크 참조). (의미부)「頁」는 ""머리""를 뜻하는 부수입니다. 頭는 ""둥근(豆)머리통(頁)"" -> ""머리""라는 뜻의 글자입니다. (豆는 소리부도 겸함)",음독은 トウ、ズ、ト입니다. 특별한 구분법은 없습니다.,"頭、頭는 둘 다 ""머리""를 뜻합니다. 頭는 주로 ""두목, 우두머리""라는 비유적 의미로 쓰이는 경우가 많습니다.",no
112,N4,低,낮을 저,"""낮을 저"". 낮다",テイ,ひく(い)、ひく(める)、ひく(まる),"低 = 亻 + 氐。 (의미부)「亻」는 ""사람""을 뜻합니다. (소리부 겸 의미부)「氐」(テイ)는 ""낮다""라는 뜻의 글자입니다(링크 참조). 低는 ""신분이 낮은(氐) 사람(亻)"" -> ""낮다""라는 뜻의 글자입니다. (氐는 소리부도 겸함)",음독은 テイ입니다. 특별한 점은 없습니다.,"低い는 ""낮다""라는 뜻의 형용사입니다. 低まる는 ""낮아지다""라는 뜻의 자동사입니다. 低める는 ""낮추다""라는 뜻의 2그룹 타동사입니다.",no
113,N4,医,의원 의,"""의원 의"". 의사",イ,,"医 = 匚 + 矢。 匚는 여기서는 ""(의원의) 집""을 그린 모양자입니다. 「矢」는 ""화살""을 뜻합니다. 医는 ""화살(矢)에 맞아 다친 사람을 치료하는 곳(匚)"" -> ""의원, 의사""라는 뜻의 글자입니다.",음독은 イ입니다. 특별한 점은 없습니다.,医의 정식 훈독은 없습니다.,no
114,N4,仕,섬길 사,"""섬길 사"". 섬기다, 시중들다",シ、ジ,つか(える),"仕 = 亻 + 士。 (의미부)「亻」는 ""사람""을 뜻합니다. (소리부 겸 의미부)士(シ - ""선비 사"")는 ""선비, 무사""를 뜻하는 상용한자입니다. 士는 ""고대에 무사들이 허리에 차고 다니던 무기""를 그린 상형문자입니다. ""무사를 상징하는 무기"" -> ""무사, 선비""라는 의미입니다. 仕는 ""무사(士)의 시중을 드는 시종(亻)"" -> ""시중들다, 섬기다""라는 뜻의 글자입니다.",음독은 シ、ジ입니다. 사용 빈도는 シ가 훨씬 높습니다. ジ는 일부 예외적인 단어에만 쓰이는 음독입니다.,"仕える는 ""섬기다, 시중들다""라는 뜻의 2그룹 자동사입니다.",no
115,N4,去,갈 거,"""갈 거"". 떠나가다, 지나가다",キョ、コ,さ(る),"去는 ""사람이 문 밖으로 나가는 모습""을 그린 상형문자입니다. ""집을 떠나다"" -> ""떠나가다, 지나가다""라는 의미입니다.",음독은 キョ、コ입니다. 그러나 절대다수는 キョ로 읽습니다. コ는過去(과거) 외에는 거의 쓰지 않는 음독입니다.,"去る는 ""떠나다, 지나가다""라는 뜻의 자동사 겸 타동사입니다.",no
116,N4,味,맛 미,"""맛 미"". 맛, 맛보다, 흥미, 재미",ミ,あじ、あじ(わう),"味 = 口 + 未。 (의미부)「口」는 ""입""을 뜻합니다. (소리부 겸 의미부)未(ミ - ""아닐 미"")는 ""아직, 미숙한""이란 뜻의 상용한자입니다. 未는 ""가지가 앙상한 나무(木)""를 그린 상형문자입니다. ""아직 잎이 나지 않은 나무"" -> ""아직, 미숙한""이라는 의미입니다. 味는 ""아직(未) 맛보지(口) 못한 음식"" -> ""맛, 흥미, 재미""라는 뜻의 글자입니다. (未는 소리부도 겸함)",음독은 ミ입니다. 특별한 점은 없습니다.,"味는 ""맛""을 뜻합니다. 味わう는 ""맛보다""라는 뜻의 타동사입니다.",no
117,N4,門,문 문,"""문 문"". 문",モン,かど,"門는 ""문""의 모습을 본따 그린 상형문자입니다.",음독은 モン입니다. 특별한 점은 없습니다.,"門는 ""문""을 뜻합니다.",no
118,N4,写,베낄 사,"""베낄 사"". 베끼다, 사진",シャ,うつ(す)、うつ(る),"写 = 冖 + 与。 冖는 여기서는「宀」가 변형된 것으로, ""집""을 뜻합니다. 与(""줄 여"")는 ""주다""라는 뜻의 상용한자입니다. 与는 ""맞물려있는 치아""를 그린 상형문자입니다. ""맞물리다"" -> ""주고받다"" -> ""주다""라는 의미입니다. 写는 ""집문서(冖)의 사본을 넘겨주다(与)"" -> ""등기, 사본"" -> ""베끼다""라는 뜻의 글자입니다.",음독은 シャ입니다. 특별한 점은 없습니다.,"写す는 ""베끼다, 모사하다""라는 뜻의 타동사입니다. 写る는 ""(사진에) 찍히다, (뒷면이) 비쳐 보이다""라는 뜻의 자동사입니다.",no
119,N4,字,글자 자,"""글자 자"". 글자",ジ,あざ,"字 = 宀 + 子。 「宀」는 ""집""을 뜻합니다. 「子」는 ""아이""를 뜻합니다. 字는 ""집(宀)에서 아이(子)가 태어나듯 새로운 한자가 만들어지다"" -> ""글자""라는 뜻의 글자입니다.",음독은 ジ입니다. 특별한 점은 없습니다.,"字는 일본의 행정 구역 단위입니다(한국의 ""읍면리"" 중 ""리"" 정도에 해당).",no
120,N4,答,대답 답,"""대답 답"". 대답하다",トウ,こた(える)、こた(え),"答 = 𥫗 + 合。 「𥫗」는 ""대나무, 대나무 죽간""을 뜻하는 부수입니다(링크 참조). 「合」는 ""들어맞다, 합치다""라는 뜻입니다. 答는 ""죽간(𥫗)에 쓰인 편지의 내용에 맞게(合) 회답하다"" -> ""대답하다""라는 뜻의 글자입니다.",음독은 トウ입니다. 특별한 점은 없습니다.,"答える는 ""대답하다, 답하다""라는 뜻의 2그룹 자동사입니다. 答え는 ""대답, 답""을 뜻합니다.",no
121,N4,夜,밤 야,"""밤 야"". 밤",ヤ,よ、よる,"夜 = 亠 + 亻 + 月。 亠는 여기서는「宀」가 살짝 변형된 것으로, ""집""을 뜻합니다. 「亻」는 ""사람""을 뜻합니다. 오른쪽 하단은「月」가 변형된 것으로, ""달""을 뜻합니다. 夜는 ""달(月)이 뜬 밤에 집(亠)에서 자는 사람(亻)"" -> ""밤""이라는 뜻의 글자입니다.",음독은 ヤ입니다. 특별한 점은 없습니다.,"夜는 ""밤""을 뜻합니다.",no
122,N4,音,소리 음,"""소리 음"". 소리, 음",オン、イン,おと、ね,"音는「言」가 변형되어 만들어진 글자입니다. ""말소리(言)"" -> ""소리""라는 의미입니다.",음독은 オン、イン입니다. 사용 빈도는 オン이 더 높으나 특별한 구분법은 없습니다.,"音는 ""소리""를 뜻합니다.",no
123,N4,注,부을 주,"""부을 주"". 쏟다, 집중하다",チュウ,そそ(ぐ),"注 = 氵 + 主。 (의미부)「氵」는 ""물""을 뜻하는 부수입니다. (소리부)「主」(シュ)는 여기서는 소리부(シュ -> チュウ)의 역할만 하고 있습니다. 注는 ""물(氵)을 쏟아붓다"" -> ""쏟다, 집중하다""라는 뜻의 글자입니다(主는 소리부).",음독은 チュウ입니다. 특별한 점은 없습니다.,"注ぐ는 ""흘러 들어가다, 쏟다, 집중시키다, 붓다/따르다""라는 뜻의 자동사 겸 타동사입니다. 예문) 川の水が海に注ぐ 강물이 바다로 흘러 들어가다 雨が降り注ぐ 비가 쏟아지다 注意を注ぐ 주의를 쏟다(기울이다) 愛情を注ぐ 애정을 쏟다 コップに水を注ぐ 컵에 물을 따르다",no
124,N4,帰,돌아갈 귀,"""돌아갈 귀"". 돌아가다, 돌아오다, 귀가하다",キ,かえ(る)、かえ(す),"帰 = リ + 帚。 リ는 여기서는 ""굽어진 길""을 그린 모양자로, ""귀갓길""을 뜻합니다. 「帚」는 ""빗자루""를 뜻하는 글자입니다(링크 참조). 帰는 ""일을 마치고 귀가하는(リ) 남편을 맞이하기 위해 집을 청소(帚)하는 아내""라는 뜻입니다. ""일을 마치고 돌아온 남편"" -> ""돌아가다, 돌아오다""라는 의미입니다.",음독은 キ입니다. 특별한 점은 없습니다.,"帰る는 ""돌아가다, 돌아오다""라는 뜻의 1그룹 자동사입니다. 帰す는 ""돌려보내다, 돌아가게 하다""라는 뜻의 타동사입니다.",no
125,N4,歌,노래 가,"""노래 가"". 노래, 노래하다",カ,うた、うた(う),"歌 = 哥 + 欠。 哥는 ""노래""를 뜻하는 글자입니다. 哥 = 可 + 可 =𠃌+ 口 +𠃌 + 口。 𠃌는 여기서는 ""곡괭이""를 그린 모양자입니다. 「口」는 ""입""을 뜻합니다. 哥는 ""다함께 농사일(𠃌+𠃌)을 하며 흥얼거리는(口+口) 노래"" -> ""노래""라는 뜻의 글자입니다. 「欠」는 ""입으로 하는 동작""을 뜻합니다. 歌는 ""입을 벌리고(欠) 노래하다(哥)"" -> ""노래하다""라는 뜻의 글자입니다.",음독은 カ입니다. 특별한 점은 없습니다.,"歌는 ""노래""를 뜻합니다. 歌う는 ""노래하다""라는 뜻의 타동사입니다.",no
126,N4,光,빛 광,"""빛 광"". 빛",コウ,ひか(る)、ひかり,"光 = 火 + 儿。 「火」는 ""불""을 뜻합니다. 儿는「人」가 변형된 것으로, ""사람""을 뜻합니다. 光는 ""횃불(火)을 든 사람(儿)"" -> ""빛나다""라는 뜻의 글자입니다.",음독은 コウ입니다. 특별한 점은 없습니다.,"光는 ""빛""을 뜻합니다. 光る는 ""빛나다""라는 뜻의 자동사입니다.",no
127,N4,悪,악할 악/미워할 오,"""악할 악/미워할 오"". 악, 나쁘다, 미워하다",アク、オ,わる(い),"悪 = 亜 + 心。 亜는 亞가 변형된 것으로, ""사방이 꽉 막혀있는 요새""를 그린 모양자입니다. 「心」는 ""마음""을 뜻합니다. 悪는 ""꽉 닫혀있는(亜) 마음(心)"" -> ""악하다, 미워하다""라는 뜻의 글자입니다.",음독은 アク、オ입니다. 구분법은 다음과 같습니다. 아래 대표단어를 참조해 주세요.,"悪い는 ""나쁘다""라는 뜻의 형용사입니다. 예문) 発音が悪い 발음이 나쁘다 頭が悪い 머리가 나쁘다",no
128,N4,図,그림 도,"""그림 도"". 그림, 지도",ズ、ト,はか(る),"図는 ""지도""의 모습을 본따 그린 상형문자입니다. 囗는 ""종이""를 표현한 것이고, 안쪽의 선들은 ""종이 위에 그려져있는 지도""를 표현한 것입니다.",음독은 ズ、ト입니다. 특별한 구분법은 없습니다.,"図る는 ""계획하다, 도모하다""라는 뜻의 타동사입니다.",no
129,N4,室,집 실,"""집 실"". 방, 거실, 아내",シツ,むろ,"室 = 宀 + 𠫔 + 土。 「宀」는 ""집""을 뜻합니다. 「土」는 ""흙, 땅""을 뜻합니다. 𠫔는 여기서는 ""책상""을 그린 모양자입니다. 室는 ""집(宀) 안의 바닥(土)에 놓인 책상(𠫔)"" -> ""방, 거실""이라는 뜻의 글자입니다.",음독은 シツ입니다. 특별한 점은 없습니다.,훈독은 むろ입니다. 특별한 점은 없습니다.,no
130,N4,太,클 태,"""클 태"". 크다, 굵다",タイ、タ,ふと(い)、ふと(る),"太는 ""크다""를 뜻하는「大」에 점(丶)을 하나 더 찍어서 ""(더더욱) 크다, 굵다""라는 뜻을 표현한 글자입니다.",음독은 タイ、タ입니다. 특별한 구분법은 없습니다.,"太い는 ""굵다""라는 뜻의 형용사입니다. 太る는 ""살찌다""라는 뜻의 자동사입니다.",no
131,N4,歩,걸음 보,"""걸음 보"". 걸음, 걷다",ホ、ブ、フ,ある(く)、あゆ(む),"歩 = 止 + 少。 「止」는 ""발""을 뜻합니다. 「少」는 ""적다""라는 뜻입니다. 歩는 ""어린아이(少)가 아장아장 걷다(止)"" -> ""걷다""라는 뜻의 글자입니다.","음독은 ホ、ブ、フ입니다. 사용 빈도는 ホ가 가장 높습니다. フ는 일본 장기의 ""졸""을 칭할 때 외에는 쓰이지 않는 음독입니다.","歩く、歩む는 둘 다 ""걷다""라는 뜻의 자동사입니다. 차이점은 다음과 같습니다. 아래 예문을 참조해 주세요.",no
132,N4,風,바람 풍,"""바람 풍"". 바람",フウ、フ,かぜ、かざ,"風는 ""봉황""의 모습을 그린 상형문자입니다. ""봉황의 날갯짓"" -> ""바람""이라는 의미입니다.",음독은 フウ、フ입니다. 사용 빈도는 フウ가 훨씬 높습니다.,"風는 ""바람""을 뜻합니다.",no
133,N4,紙,종이 지,"""종이 지"". 종이",シ,かみ,"紙 = 糸 + 氏。 (의미부)「糸」는 ""실""을 뜻합니다. (소리부)氏(シ - ""성씨 씨"")는 ""성씨""를 뜻하는 상용한자입니다. 다만 여기서는 소리부(シ)의 역할만 하고 있습니다. 氏는 ""나무뿌리가 땅 속으로 뻗은 모습""을 그린 상형문자입니다. ""뿌리"" -> ""혈통"" -> ""성씨""라는 의미입니다. 종이가 없던 시대에는 종종 실로 짠 비단에 글을 써서 남기곤 했습니다. 紙는 ""(종이 대신 사용한) 실(糸)로 짠 비단"" -> ""종이""라는 뜻의 글자입니다(氏는 소리부).",음독은 シ입니다. 특별한 점은 없습니다.,"紙는 ""종이""를 뜻합니다.",no
134,N4,黒,검을 흑,"""검을 흑"". 검정",コク,くろ、くろ(い),"黒 = 里 + 灬。 「里」는 ""마을""을 뜻합니다. 「灬」는 ""불""을 뜻하는 부수입니다(링크 참조). 黒는 ""화재(灬)로 검게 불탄 마을(里)"" -> ""검다""라는 뜻의 글자입니다.",음독은 コク입니다. 특별한 점은 없습니다.,"黒い는 ""검다""라는 뜻의 형용사입니다.",no
135,N4,春,봄 춘,"""봄 춘"". 봄",シュン,はる,"春 = 𡗗 + 日。 𡗗는 여기서는 ""새싹이 올라오는 모습""을 그린 모양자입니다. 「日」는 ""태양""을 뜻합니다. 春는 ""따스한 봄 햇살(日)을 받으며 땅 위로 올라오는 새싹(𡗗)"" -> ""봄""이라는 뜻의 글자입니다.",음독은 シュン입니다. 특별한 점은 없습니다.,"春는 ""봄""을 뜻합니다.",no
136,N4,赤,붉을 적,"""붉을 적"". 빨강",セキ、シャク,あか、あか(い)、あか(らむ)、あか(らめる),"赤 = 土 + 火。 「土」는 ""흙""을 뜻합니다. 「火」는 ""불""을 뜻합니다. 赤는 ""불(火)처럼 빨간 적토(土)"" -> ""빨강, 붉다""라는 뜻의 글자입니다.",음독은 セキ、シャク입니다. 그러나 절대다수는 セキ로 읽습니다. シャク는赤銅(적동) 외에는 거의 쓰지 않는 음독입니다.,"1.赤、赤い 赤い는 ""붉다, 빨갛다""라는 뜻의 형용사입니다. 예문) 赤ちゃん 아기 赤いリンゴ 빨간 사과 2.赤らむ、赤らめる 赤らむ는 ""(부끄러움, 흥분 등으로) 붉어지다, 홍조를 띠다""라는 뜻의 자동사입니다. 赤らめる는 ""붉히다""라는 뜻의 2그룹 타동사입니다. 예문) 恥じらいで彼女の顔が赤らんだ 부끄러움에 그녀의 얼굴이 붉어졌다 恥ずかしそうに顔を赤らめる処女수줍게 얼굴을 붉히는 처녀",no
137,N4,青,푸를 청,"""푸를 청"". 푸르다",セイ、ショウ,あお、あお(い),"青 = 龶 + 月。 (소리부 겸 의미부)龶는 여기서는「生」(セイ・ショウ)가 축약된 것으로, ""생명, 태어나다""라는 뜻입니다. (의미부)「月」는 ""달""을 뜻합니다. 青는 ""푸른 새싹(生) + 푸른 달(月)"" -> ""푸르다""라는 뜻의 글자입니다. (生는 소리부도 겸함)","음독은 セイ、ショウ입니다. 사용 빈도는 セイ가 훨씬 높습니다. ショウ는 일부 혼합색(녹청, 군청 등)을 표현하는 단어에서만 쓰이는 음독입니다.","青い는 ""푸르다""라는 뜻의 형용사입니다.",no
138,N4,森,숲 삼,"""숲 삼"". 숲",シン,もり,"森 = 木 + 木 + 木。 「木」는 ""나무""를 뜻합니다. 森는 ""나무(木)가 울창한 숲"" -> ""숲""이라는 뜻의 글자입니다.",음독은 シン입니다. 특별한 점은 없습니다.,"森는 ""숲""을 뜻합니다.",no
139,N4,館,집 관,"""집 관"". 큰 건물",カン,やかた,"館 = 食 + 官。 (의미부)「食」는 ""먹다""라는 뜻입니다. (소리부 겸 의미부)官(カン - ""벼슬 관"")은 ""관청, 관리""를 뜻하는 상용한자입니다. 官 =宀 +㠯。 「宀」는 ""집""을 뜻합니다. 「㠯」는 ""엉덩이""를 뜻하는 글자입니다(링크 참조). 官는 ""관청(宀)에만 앉아있는 엉덩이(㠯)가 무거운 정부 관료"" -> ""관청, 관직, 관리""라는 뜻의 글자입니다. 館는 ""관청(官)의 관리들이 식사하는(食) 커다란 건물"" -> ""큰 건물""이라는 뜻의 글자입니다. (官은 소리부도 겸함)",음독은 カン입니다. 특별한 점은 없습니다.,"館는 ""저택, 대저택""을 뜻합니다.",no
140,N4,屋,집 옥,"""집 옥"". 지붕, 집",オク,や,"屋 = 尸 + 𠫔 + 土。 「尸」는 ""지붕, 집""을 뜻하는 부수입니다(링크 참조). 𠫔+土는 여기서는「室」가 축약된 것으로, ""집""을 뜻합니다. 屋는 ""집(室) 위의 지붕(尸)"" -> ""지붕, 집""이라는 뜻의 글자입니다.",음독은 オク입니다. 특별한 점은 없습니다.,"~屋는 ""~~를 파는 가게""라는 뜻의 접미사입니다.",no
141,N4,色,빛 색,"""빛 색"". 색, 색깔, 정욕",ショク、シキ,いろ,"色는 ""남녀가 성관계를 맺고 있는 모습""을 그린 상형문자입니다. ""성관계 중에 얼굴이 붉어지다"" -> ""색채, 정욕""이라는 의미입니다.",음독은 ショク、シキ입니다. 특별한 구분법은 없습니다.,"色는 ""색""을 뜻합니다.",no
142,N4,走,달릴 주,"""달릴 주"". 달리다",ソウ,はし(る),"走 = 土 + 止。 「土」는 ""흙, 땅""을 뜻합니다. 「止」는 ""발""을 뜻합니다. 走는 ""땅(土) 위를 달리는 발(止)"" -> ""달리다""라는 뜻의 글자입니다.",음독은 ソウ입니다. 특별한 점은 없습니다.,"走る는 ""달리다""라는 뜻의 1그룹 자동사입니다.",no
143,N4,秋,가을 추,"""가을 추"". 가을",シュウ,あき,"秋 = 禾 + 火。 「禾」는 ""곡식""을 뜻합니다. 「火」는 ""불""을 뜻합니다. 秋는 ""곡식(禾)이 익는(火) 계절"" -> ""가을""이라는 뜻의 글자입니다.",음독은 シュウ입니다. 특별한 점은 없습니다.,"秋는 ""가을""을 뜻합니다.",no
144,N4,林,수풀 림,"""수풀 림"". 수풀, 숲",リン,はやし,"林 = 木 + 木。 「木」는 ""나무""를 뜻합니다. 林는 ""나무(木)가 많은 곳"" -> ""숲""이라는 뜻의 글자입니다. 참고) 林는「森」에 비해 크기가 조금 작은 숲을 뜻합니다.",음독은 リン입니다. 특별한 점은 없습니다.,"林는 ""숲""을 뜻합니다(森보다 크기가 작은 숲을 가리킴).",no
145,N4,夏,여름 하,"""여름 하"". 여름",カ、ゲ,なつ,"夏 = 𦣻 + 夂。 𦣻는 여기서는「頁」가 축약된 것으로, ""머리""를 뜻합니다. 「夂」는 ""발""을 뜻합니다. 夏는 ""머리(𦣻)부터 발끝(夂)까지 땀으로 푹 젖다"" -> ""여름""이라는 뜻의 글자입니다.",음독은 カ、ゲ입니다. 사용 빈도는 カ가 훨씬 높습니다.,"夏는 ""여름""을 뜻합니다.",no
146,N4,顔,낯 안,"""낯 안"". 얼굴",ガン,かお,"顔 = 彦 + 頁。 彦는 여기서는 ""콧수염""을 그린 모양자입니다. 产는 코, 彡는 수염을 각각 표현한 것입니다. 「頁」는 ""머리""를 뜻합니다. 顔는 ""콧수염(彦)을 기른 얼굴(頁)"" -> ""얼굴""이라는 뜻의 글자입니다.",음독은 ガン입니다. 특별한 점은 없습니다.,"顔는 ""얼굴""을 뜻합니다.",no
147,N4,短,짧을 단,"""짧을 단"". 짧다",タン,みじか(い),"短 = 矢 + 豆。 「矢」는 ""화살""을 뜻합니다. 「豆」는 ""콩""을 뜻합니다. 短는 ""콩알만한(豆) 표적도 화살(矢)로 맞출 수 있을 만큼 짧은 거리"" -> ""짧다""라는 뜻의 글자입니다.",음독은 タン입니다. 특별한 점은 없습니다.,"短い는 ""짧다""라는 뜻의 형용사입니다.",no
148,N4,薬,약 약,"""약 약"". 약, 약재",ヤク,くすり,"薬 = 艹 + 楽。 「艹」는 ""풀""을 뜻합니다. 「楽」는 ""즐겁다, 편안하다""라는 뜻입니다. 薬는 ""아픈 사람을 편안하게(楽) 해 주는 약초(艹)"" -> ""약, 약재""라는 뜻의 글자입니다.",음독은 ヤク입니다. 특별한 점은 없습니다.,"薬는 ""약""을 뜻합니다.",no
149,N4,習,익힐 습,"""익힐 습"". 배우다, 익히다",シュウ,なら(う),"習 = 羽 + 白。 羽(""깃 우"")는 ""날개, 깃털""을 뜻하는 상용한자입니다. 羽는 ""깃털이 달린 새의 날개""를 그린 상형문자입니다. 「白」는 ""흰색""을 뜻합니다. 習는 ""처음 날갯짓(羽)을 배우는하얀(白) 아기새"" -> ""배우다, 익히다""라는 뜻의 글자입니다.",음독은 シュウ입니다. 특별한 점은 없습니다.,"習う는 ""배우다""라는 뜻의 타동사입니다.",no
150,N4,便,편할 편,"""편할 편"". 편리하다, 편지, 대소변",ベン、ビン,たよ(り),"便 = 亻 + 更。 「亻」는 ""사람""을 뜻합니다. 更(""고칠 경/갱"")은 ""고치다, 바꾸다""라는 뜻의 상용한자입니다. 更는 ""회초리를 든 손 + 두 다리""를 그린 상형문자입니다. ""잘못을 저지른 아이를 회초리로 때리다"" -> ""바로잡다, 고치다""라는 의미입니다. 便는 ""사람(亻)이 불편한 점을 고쳐서(更) 편안해지다""라는 뜻입니다. 여기서 ""불편한 점""이란 ""대소변""을 뜻합니다. ""대소변을 해결하고 편안해지다"" -> ""대소변, 편리하다""라는 의미입니다.",음독은 ベン、ビン입니다. 특별한 구분법은 없습니다.,"便り는 ""소식, 편지""를 뜻합니다.",no
151,N4,洋,큰 바다 양,"""큰 바다 양"". 대양",ヨウ,,"洋 = 氵 + 羊。 (의미부)「氵」는 ""물""을 뜻합니다. (소리부)「羊」(ヨウ)는 ""양""을 뜻하는 부수입니다. 다만 여기서는 소리부(ヨウ)의 역할만 하고 있습니다. 洋는 ""물(氵)"" -> ""대양""이라는 뜻의 글자입니다(羊는 소리부).",음독은 ヨウ입니다. 특별한 점은 없습니다.,洋의 정식 훈독은 없습니다.,no
152,N4,旅,나그네 여,"""나그네 여"". 여행",リョ,たび,"旅 =𭤨+𧘇。 「𭤨」는 ""바람에 나부끼는 깃발""을 뜻합니다. 𧘇는 여기서는「亻」두 개가 합쳐진 것으로, ""여러 명의 사람들(亻)""이라는 뜻입니다. 旅는 ""군기(𭤨)를 휘날리며 원정을 떠나는 병사들(𧘇)"" -> ""여행""이라는 뜻의 글자입니다.",음독은 リョ입니다. 특별한 점은 없습니다.,"旅는 ""여행""을 뜻합니다.",no
153,N4,軽,가벼울 경,"""가벼울 경"". 가볍다",ケイ,かる(い)、かろ(やか),"軽 = 車 + 圣。 (의미부)「車」는 ""수레, 차""를 뜻합니다. (소리부 겸 의미부)「圣」(ケイ)는 ""지나가다""라는 뜻의 글자입니다(링크 참조). 軽는 ""마차(車)가 가볍게 지나가다(圣)"" -> ""가볍다""라는 뜻의 글자입니다. (圣는 소리부도 겸함)",음독은 ケイ입니다. 특별한 점은 없습니다.,"軽い는 ""가볍다""라는 뜻의 형용사입니다. 軽やか는 ""발랄함, 경쾌함""을 뜻합니다.",no
154,N4,池,못 지,"""못 지"". 연못",チ,いけ,"池 = 氵 + 也。 (의미부)「氵」는 ""물""을 뜻합니다. (소리부 겸 의미부)也는 여기서는「地」(チ)가 축약된 것으로, ""땅""을 뜻합니다. 池는 ""땅(地) 위의 물웅덩이(氵)"" -> ""연못""이라는 뜻의 글자입니다. (也->地는 소리부도 겸함)",음독은 チ입니다. 특별한 점은 없습니다.,"池는 ""연못""을 뜻합니다.",no
155,N4,服,옷 복,"""옷 복"". 옷, 복종시키다",フク,,"服 = 月 + 卩 + 又。 「月」는 ""달""을 뜻합니다. 「卩」는 ""무릎꿇은 사람""을 뜻하는 부수입니다(링크 참조). 「又」는 ""손""을 뜻합니다. 服는 ""밤도둑(月)을 잡아서(又) 무릎꿇리다(卩)""라는 뜻입니다. 이라는 의미입니다.",음독은 フク입니다. 특별한 점은 없습니다.,服의 정식 훈독은 없습니다.,no
156,N4,遠,멀 원,"""멀 원"". 멀다",エン、オン,とお(い),"遠 = ⻌ + 袁。 (의미부)「⻌」는 ""길""을 뜻합니다. (소리부 겸 의미부)「袁」(エン)은 ""길다, 헐렁하다""라는 뜻의 글자입니다(링크 참조). 遠는 ""기나긴(袁) 길(⻌)"" -> ""멀다""라는 뜻의 글자입니다. (袁는 소리부(エン -> エン・オン)도 겸함)",음독은 エン、オン입니다. 그러나 절대다수는 エン으로 읽습니다. オン은 일부 예외적인 단어에만 쓰이는 음독입니다.,"遠い는 ""멀다""라는 뜻의 형용사입니다. 예문) 遠い山を眺める 먼 산을 바라보다 完成にはまだ遠い 완성되려면 아직 멀었다 遠い親類먼 친척",no
157,N4,夕,저녁 석,"""저녁 석"". 저녁",セキ,ゆう,"夕는 ""초승달""을 본따 그린 상형문자입니다. ""초승달이 뜬 시간"" -> ""저녁""이라는 의미입니다.",음독은 セキ입니다. 특별한 점은 없습니다.,훈독은 ゆう입니다. 특별한 점은 없습니다.,no
158,N4,借,빌릴 차,"""빌릴 차"". 빌리다",シャク,か(りる),"借 = 亻 +昔。 (의미부)「亻」는 ""사람""을 뜻합니다. (소리부 겸 의미부)昔(シャク - ""옛 석"")은 ""옛날""을 뜻하는 상용한자입니다. 昔 = 龷 + 日。 龷는 여기서는 巛가 변형된 것으로, ""큰 물살/홍수""를 표현한 모양자입니다. 「日」는 ""해""를 뜻합니다. 昔는 ""물(巛) 아래 잠긴 태양(日)""이라는 뜻으로, 본래는 약 4300년 전 일어난 중국의 대홍수를 뜻하던 글자입니다. 그러나 시간이 지나며 ""대홍수"" -> ""먼 옛날의 일"" -> ""옛날""이 되어 지금의 의미를 가지게 되었습니다. 借는 ""남에게(亻)옛날에(昔)빌린 돈을 아직도 갚지 못하다""-> ""빌리다""라는 뜻의 글자입니다. (昔는 소리부도 겸함)",음독은 シャク입니다. 특별한 점은 없습니다.,"借りる는 ""빌리다""라는 뜻의 2그룹 타동사입니다.",no
159,N4,曜,요일 요,"""요일 요"". 요일",ヨウ,,"曜 = 日 + 羽 + 隹。 「日」는 ""하루""를 뜻합니다. 「隹」는 ""새""를 뜻합니다. 羽(""깃 우"")는 ""날개, 깃털""을 뜻하는 상용한자입니다. 羽는 ""깃털이 달린 새의 날개""를 그린 상형문자입니다. 曜는 ""매일(日) 아침 홰를 치며(羽) 우는 닭(隹)"" -> ""매일"" -> ""요일""이라는 뜻의 글자입니다.",음독은 ヨウ입니다. 특별한 점은 없습니다.,曜의 정식 훈독은 없습니다.,no
160,N4,弱,약할 약,"""약할 약"". 약하다",ジャク,よわ(い)、よわ(る)、よわ(まる)、よわ(める),"弱 = 弓 + 冫 +弓 +冫。 「弓」는 ""활""을 뜻합니다. 「冫」는 ""얼음""을 뜻합니다. 弱는 ""활(弓)이 얼어서(冫) 망가지다"" -> ""약해지다, 약하다""라는 뜻의 글자입니다.",음독은 ジャク입니다. 특별한 점은 없습니다.,"1.弱い 弱い는 ""약하다""라는 뜻의 형용사입니다. 예문) 体の弱い子供몸이 약한 아이 骨が弱くなる原因뼈가 약해지는 원인 2.弱る 弱る는 ""약해지다, 곤란해지다""라는 뜻의 자동사입니다. 예문) 病気で体が弱っている 병으로 몸이 쇠약해져 있다 金がなくて弱る 돈이 없어서 곤란하다 3.弱まる、弱める 弱まる는 ""약해지다""라는 뜻의 자동사입니다. 弱める는 ""약화시키다""라는 뜻의 2그룹 타동사입니다. 예문) 風が弱まる 바람이 약해지다 ガスの火を弱める 가스불을 약하게 하다",no
161,N4,肉,고기 육,"""고기 육"". 고기",ニク,,"肉는 ""고기에 칼집을 낸 모습""을 그린 상형문자입니다.",음독은 ニク입니다. 특별한 점은 없습니다.,肉의 정식 훈독은 없습니다.,no
162,N4,貸,빌릴 대,"""빌릴 대"". 빌려주다",タイ,か(す),"貸 = 代 + 貝。 (소리부 겸 의미부)「代」(タイ)는 ""대신하다""라는 뜻입니다. (의미부)「貝」는 ""돈, 재물""을 뜻합니다. 貸는 ""돈(貝)을대신(代) 빌려주다"" -> ""빌려주다""라는 뜻의 글자입니다. (代는 소리부도 겸함)",음독은 タイ입니다. 특별한 점은 없습니다.,"貸す는 ""빌려주다""라는 뜻의 타동사입니다.",no
163,N4,堂,집 당,"""집 당"". 전당, 큰 건물",ドウ,,"堂 = 龸 + 口 + 土。 「龸」는 ""궁궐""을 뜻하는 글자입니다(링크 참조). 口는 여기서는 ""궁궐의 출입구""를 그린 모양자입니다. 「土」는 ""흙, 땅""을 뜻합니다. 堂는 ""땅(土) 위의 거대한 궁궐(龸)의 출입구(口)"" -> ""전당, 큰 건물""이라는 뜻의 글자입니다.",음독은 ドウ입니다. 특별한 점은 없습니다.,堂의 정식 훈독은 없습니다.,no
164,N4,暗,어두울 암,"""어두울 암"". 어둡다",アン,くら(い),"暗 = 日 + 音。 「日」는 ""해""를 뜻합니다. 「音」는 ""소리""를 뜻합니다. 暗는 ""햇빛(日)이 없어 소리(音)밖에 들리지 않는 어두운 곳"" -> ""어둡다""라는 뜻의 글자입니다.",음독은 アン입니다. 특별한 점은 없습니다.,"暗い는 ""어둡다""라는 뜻의 형용사입니다.",no
165,N4,鳥,새 조,"""새 조"". 새",チョウ,とり,"鳥는 ""새""의 모습을 본따 그린 상형문자입니다.",음독은 チョウ입니다. 특별한 점은 없습니다.,"鳥는 ""새""를 뜻합니다.",no
166,N4,飯,밥 반,"""밥 반"". 식사, 밥",ハン,めし,"飯 = 食 + 反。 (의미부)「食」는 ""먹다""라는 뜻입니다. (소리부)反(ハン - ""돌이킬 반"")은 ""반대, 뒤집다""라는 뜻의 상용한자입니다. 다만 여기서는 소리부의 역할만 하고 있습니다. 反 = 厂 + 又。 「厂」는 ""기슭, 절벽""을 뜻하는 부수입니다(링크 참조). 「又」는 ""손""을 뜻합니다. 反는 ""절벽(厂)을 기어오르는 손(又)"" -> ""거슬러 올라가다"" -> ""돌이키다, 뒤집다, 반대""라는 뜻의 글자입니다. 飯는 ""먹다(食)"" -> ""식사""라는 뜻의 글자입니다(反은 소리부).",음독은 ハン입니다. 특별한 점은 없습니다.,"飯는 ""밥, 식사""를 뜻합니다.",no
167,N4,勉,힘쓸 면,"""힘쓸 면"". 힘쓰다, 노력하다",ベン,,"勉 = 免 + 力。 免(""면할 면"")은 ""면하다""라는 뜻의 상용한자입니다. 免는 ""투구를 쓴 사람""을 그린 상형문자입니다. ""전장에서 투구 덕분에 죽음을 면하다"" -> ""면하다""라는 의미입니다. 「力」는 ""힘""을 뜻합니다. 勉는 ""가난을 면하기(免) 위해 열심히 노력하다(力)"" -> ""힘쓰다, 노력하다""라는 뜻의 글자입니다.",음독은 ベン입니다. 특별한 점은 없습니다.,勉의 정식 훈독은 없습니다.,no
168,N4,冬,겨울 동,"""겨울 동"". 겨울",トウ,ふゆ,"冬 = 夂 + 冫。 「夂」는 ""발""을 뜻합니다. 「冫」는 ""얼음""을 뜻합니다. 冬는 ""발(夂) 밑의 얼음(冫)"" -> ""얼어붙은 길"" -> ""겨울""이라는 뜻의 글자입니다.",음독은 トウ입니다. 특별한 점은 없습니다.,"冬는 ""겨울""을 뜻합니다.",no
169,N4,昼,낮 주,"""낮 주"". 낮",チュウ,ひる,"昼 = 尺 + 日 + 一。 「日」는 ""해""를 뜻합니다. 尺+一는 여기서는 ""창문""을 그린 모양자입니다. 昼는 ""창밖(尺+一)에해(日)가 뜨다"" -> ""낮""이라는 뜻의 글자입니다.",음독은 チュウ입니다. 특별한 점은 없습니다.,"昼는 ""낮""을 뜻합니다.",no
170,N4,茶,차 다,"""차 다"". 차(tea)",チャ、サ,,"茶 = 艹 + 𠆢 + 朩。 「艹」는 ""풀""을 뜻합니다. 𠆢 + 朩는 여기서는 ""작은 오두막""을 그린 모양자입니다. 茶는 ""작은 오두막(𠆢+朩)에서 소박하게 즐기는 차(艹)"" -> ""차""라는 뜻의 글자입니다.",음독은 チャ、サ입니다. 사용 빈도는 チャ가 훨씬 높습니다.,茶의 정식 훈독은 없습니다.,no
171,N4,弟,아우 제,"""아우 제"". 남동생, 제자",テイ、ダイ、デ,おとうと,"弟는 ""장작을 밧줄로 칭칭 감아놓은 모습""을 그린 상형문자입니다. ""형이 패놓은 장작을 들어서 옮기는 남동생"" -> ""남동생""이라는 의미입니다.",음독은 テイ、ダイ、デ입니다. 그러나 대다수는 テイ로 읽습니다. ダイ・デ는 일부 단어에만 쓰이는 음독입니다.,"弟는 ""남동생""을 뜻합니다.",no
172,N4,洗,씻을 세,"""씻을 세"". 씻다",セン,あら(う),"洗 = 氵 + 先。 (의미부)「氵」는 ""물""을 뜻합니다. (소리부 겸 의미부)「先」(セン)은 ""먼저, 앞서""라는 뜻입니다. 洗는 ""중요한 의식에 앞서(先) 몸을 정갈히 씻다(氵)"" -> ""씻다""라는 뜻의 글자입니다. (先은 소리부도 겸함)",음독은 セン입니다. 특별한 점은 없습니다.,"洗う는 ""씻다""라는 뜻의 타동사입니다.",no
173,N4,牛,소 우,"""소 우"". 소",ギュウ,うし,"牛는 ""뿔이 달린 소의 머리""를 그린 상형문자입니다.",음독은 ギュウ입니다. 특별한 점은 없습니다.,"牛는 ""소""를 뜻합니다.",no
174,N4,兄,형 형,"""형 형"". 형, 오빠",ケイ、キョウ,あに,"兄 = 口 + 儿。 「口」는 ""입""을 뜻합니다. 儿는「人」가 살짝 변형된 것으로, ""사람""을 뜻합니다. 兄는 ""말(口)로 동생들에게 지시를 내리는 맏형(儿)"" -> ""형""이라는 뜻의 글자입니다.",음독은 ケイ、キョウ입니다. 그러나 대다수는 ケイ로 읽습니다. キョウ는兄弟(형제) 외에는 거의 쓰지 않는 음독입니다.,"兄는 ""형""을 뜻합니다.",no
175,N4,犬,개 견,"""개 견"". 개",ケン,いぬ,"犬는 ""꼬리가 강조된 개""를 그린 상형문자입니다.",음독은 ケン입니다. 특별한 점은 없습니다.,"犬는 ""개""를 뜻합니다.",no
176,N4,菜,나물 채,"""나물 채"". 야채, 채소",サイ,な,"菜 = 艹 + 采。 (의미부)「艹」는 ""풀""을 뜻합니다. (소리부 겸 의미부)「采」(サイ)는 ""뽑다, 따다""라는 뜻의 글자입니다(링크 참조). 菜는 ""나물(艹)을 캐다(采)"" -> ""야채, 채소""라는 뜻의 글자입니다. (采는 소리부도 겸함)",음독은 サイ입니다. 특별한 점은 없습니다.,훈독은 な입니다. 특별한 점은 없습니다.,no
177,N4,暑,더울 서,"""더울 서"". 덥다",ショ,あつ(い),"暑 = 日 + 者。 「日」는 ""해""를 뜻합니다. 「者」는 ""사람""을 뜻합니다. 暑는 ""뜨거운 햇빛(日)을 받으며 서있는 사람(者)"" -> ""덥다"" 라는 뜻의 글자입니다.",음독은 ショ입니다. 특별한 점은 없습니다.,"暑い는 ""덥다""라는 뜻의 형용사입니다.",no
178,N4,妹,누이 매,"""누이 매"". 여동생",マイ,いもうと,"妹 = 女 + 未。 「女」는 ""여자""를 뜻합니다. 未(""아닐 미"")는 ""아직, 미숙한""이란 뜻의 상용한자입니다. 未는 ""가지가 앙상한 나무(木)""를 그린 상형문자입니다. ""아직 잎이 나지 않은 나무"" -> ""아직, 미숙한""이라는 의미입니다. 妹는 ""미숙한(未) 여자아이(女)"" -> ""여동생""이라는 뜻의 글자입니다.",음독은 マイ입니다. 특별한 점은 없습니다.,"妹는 ""여동생""을 뜻합니다.",no
179,N4,寒,찰 한,"""찰 한"". 춥다",カン,さむ(い),"寒 = 宀 + 𠀎 + ハ + ⺀。 「宀」는 ""집""을 뜻합니다. 𠀎는 여기서는 ""풀을 엮어 만든 담요""를 그린 모양자입니다. ハ+⺀는 여기서는「冬」가 축약된 것으로, ""겨울""을 뜻합니다. 寒는 ""추운 겨울(冬)에 집(宀)에서 담요(𠀎)를 뒤집어쓰다"" -> ""춥다""라는 뜻의 글자입니다.",음독은 カン입니다. 특별한 점은 없습니다.,"寒い는 ""춥다""라는 뜻의 형용사입니다.",no
180,N4,姉,누이 자,"""누이 자"". 누나, 언니",シ,あね,"姉 = 女 + 市。 (의미부)「女」는 ""여자""를 뜻합니다. (소리부 겸 의미부)「市」(シ)는 ""시장""을 뜻합니다. 姉는 ""시장(市)에 장을 보러 가는 누이(女)"" -> ""누나, 언니""라는 뜻의 글자입니다. (市는 소리부도 겸함)",음독은 シ입니다. 특별한 점은 없습니다.,"姉는 ""누나""를 뜻합니다.",no
181,N4,漢,한나라 한,"""한나라 한"". 한나라, 중국",カン,,"漢 = 氵 + 艹 + 口 + 夫。 「氵」는 ""물""을 뜻합니다. 「艹」는 ""풀""을 뜻합니다. 口는 여기서는 ""건물을 쌓는 데 쓰는 돌""을 표현한 모양자입니다. 夫(""지아비 부"")는 ""남편, 성인 남성""을 뜻하는 상용한자입니다. 夫 = 大 + 一。 「大」는 본래 ""사람""을 그린 글자입니다(링크 참조). 「一」는 ""1""을 뜻합니다. 夫는 ""가정의 1인자(一)인 사람(大)"" -> ""남편, 성인 남성""이라는 뜻의 글자입니다. 漢는 ""강가(氵)의 풀밭(艹)에 집을 짓는(口) 성인 남성(夫)""이라는 뜻입니다. 여기서 ""강가에 집을 짓는다""라는 것은 ""양쯔강 문명""을 뜻합니다. ""양쯔강 문명"" -> ""한나라, 중국""이라는 의미입니다.",음독은 カン입니다. 특별한 점은 없습니다.,漢의 정식 훈독은 없습니다.,no
