no,word,meaning,hiragana,memorized,memorized_at,created_at
1,高価,고가,こうか,yes,2026-03-24 20:16:46,2026-03-24 19:19:25
2,小型,소형,こがた,yes,2026-03-24 21:27:10,2026-03-24 19:19:25
3,断る,거절하다,ことわる,yes,2026-03-24 21:27:14,2026-03-24 19:19:25
4,産業,산업,さんぎょう,yes,2026-03-24 20:16:43,2026-03-24 19:19:25
5,選手,선수,せんしゅ,yes,2026-03-24 20:16:49,2026-03-24 19:19:25
6,退院,퇴원,たいいん,yes,2026-03-24 20:16:59,2026-03-24 19:19:25
7,朝刊,조간,ちょうかん,yes,2026-04-07 22:10:30,2026-03-24 19:19:25
8,広場,광장,ひろば,yes,2026-03-24 20:16:30,2026-03-24 19:19:25
9,夫婦,부부,ふうふ,yes,2026-03-24 20:16:25,2026-03-24 19:19:25
10,復習,복습,ふくしゅう,yes,2026-03-24 20:19:21,2026-03-24 19:19:25
11,細い,좁다,ほそい,yes,2026-04-07 22:15:56,2026-03-24 19:19:25
12,汚す,더럽히다,よごす,yes,2026-04-06 23:23:31,2026-03-24 19:19:25
13,留守,부재중,るす,yes,2026-03-24 19:20:21,2026-03-24 19:19:25
14,横断,횡단,おうだん,yes,2026-03-24 20:19:45,2026-03-24 19:19:25
15,計算,계산,けいさん,yes,2026-04-05 19:45:49,2026-03-24 19:19:25
16,現在,현재,げんざい,yes,2026-03-24 19:22:38,2026-03-24 19:19:25
17,複数,복수,ふくすう,yes,2026-03-24 20:20:08,2026-03-24 19:19:25
18,夕日,석양,ゆうひ,yes,2026-03-24 21:45:56,2026-03-24 19:19:25
19,角,모퉁이/각,かど,yes,2026-04-07 22:10:20,2026-03-24 19:19:25
20,血圧,혈압,けつあつ,yes,2026-04-05 19:45:53,2026-03-24 19:19:25
21,情報,정보,じょうほう,yes,2026-03-24 21:46:17,2026-03-24 19:19:25
22,丸い,둥글다,まるい,yes,2026-03-24 20:20:12,2026-03-24 19:19:25
23,有名だ,유명하다,ゆうめいだ,yes,2026-03-24 20:17:24,2026-03-24 19:19:25
24,比べる,비교하다,くらべる,yes,2026-04-06 23:25:40,2026-03-24 19:19:25
25,件,건,けん,yes,2026-03-24 20:15:45,2026-03-24 19:19:25
26,包む,싸다/포장하다,つつむ,yes,2026-03-24 20:20:48,2026-03-24 19:19:25
27,難しい,어렵다,むずかしい,yes,2026-03-24 20:17:32,2026-03-24 19:19:25
28,容器,용기/그릇,ようき,yes,2026-03-24 20:20:51,2026-03-24 19:19:25
29,裏,뒤/뒷면,うら,yes,2026-04-06 23:26:25,2026-03-24 19:19:25
30,過去,과거,かこ,yes,2026-03-24 20:21:19,2026-03-24 19:19:25
31,悲しい,슬프다,かなしい,yes,2026-04-06 23:25:45,2026-03-24 19:19:25
32,恋しい,그립다,こいしい,yes,2026-03-24 19:23:12,2026-03-24 19:19:25
33,呼吸,호흡,こきゅう,yes,2026-03-24 21:46:29,2026-03-24 19:19:25
34,自然,자연,しぜん,yes,2026-03-24 20:21:23,2026-03-24 19:19:25
35,増減,증감,ぞうげん,yes,2026-04-07 22:15:29,2026-03-24 19:19:25
36,駐車,주차,ちゅうしゃ,yes,2026-03-24 20:21:34,2026-03-24 19:19:25
37,通知,통지,つうち,yes,2026-03-24 20:21:31,2026-03-24 19:19:25
38,動作,동작,どうさ,yes,2026-03-24 20:21:17,2026-03-24 19:19:25
39,努力,노력,どりょく,yes,2026-03-24 19:23:26,2026-03-24 19:19:25
40,逃げる,도망치다,にげる,yes,2026-03-24 20:17:47,2026-03-24 19:19:25
41,残り,나머지,のこり,yes,2026-03-24 20:21:43,2026-03-24 19:19:25
42,生える,나다/자라다,はえる,yes,2026-03-24 21:45:39,2026-03-24 19:19:25
43,秒,초,びょう,yes,2026-04-06 23:26:20,2026-03-24 19:19:25
44,郵送,우송,ゆうそう,yes,2026-04-06 23:23:55,2026-03-24 19:19:25
45,預ける,맡기다,あずける,yes,2026-03-24 20:17:53,2026-03-24 19:19:25
46,岩,바위,いわ,yes,2026-03-24 21:27:06,2026-03-24 19:19:25
47,疑う,의심하다,うたがう,yes,2026-03-24 20:21:50,2026-03-24 19:19:25
48,交流,교류,こうりゅう,yes,2026-04-05 19:46:01,2026-03-24 19:19:25
49,種類,종류,しゅるい,yes,2026-03-24 20:22:14,2026-03-24 19:19:25
50,調査,조사,ちょうさ,yes,2026-04-06 23:24:03,2026-03-24 19:19:25
51,普通,보통/대개,ふつう,yes,2026-03-24 21:46:41,2026-03-24 19:19:25
52,印象,인상,いんしょう,yes,2026-04-05 16:38:50,2026-03-24 19:19:25
53,遅い,늦다,おそい,yes,2026-04-06 23:24:09,2026-03-24 19:19:25
54,各駅,각역,かくえき,yes,2026-03-24 20:22:20,2026-03-24 19:19:25
55,勝つ,이기다,かつ,yes,2026-03-24 20:22:18,2026-03-24 19:19:25
56,腰,허리,こし,yes,2026-03-24 21:27:08,2026-03-24 19:19:25
57,上品だ,고상하다,じょうひんだ,yes,2026-04-06 23:25:50,2026-03-24 19:19:25
58,線,선,せん,yes,2026-03-24 20:16:01,2026-03-24 19:19:25
59,助ける,돕다/살리다,たすける,yes,2026-04-07 22:20:47,2026-03-24 19:19:25
60,昼食,중식/점심식사,ちゅうしょく,yes,2026-04-07 22:15:15,2026-03-24 19:19:25
61,方角,방위/방향,ほうがく,no,,2026-03-24 19:19:25
62,未来,미래,みらい,yes,2026-03-24 20:22:55,2026-03-24 19:19:25
63,郵便,우편,ゆうびん,yes,2026-03-24 19:20:05,2026-03-24 19:19:25
64,予約,예약,よやく,yes,2026-03-24 20:22:40,2026-03-24 19:19:25
65,若い,젊다,わかい,yes,2026-03-24 20:23:11,2026-03-24 19:19:25
66,遊ぶ,놀다,あそぶ,yes,2026-03-24 20:23:13,2026-03-24 19:19:25
67,改札,개찰구,かいさつ,yes,2026-03-24 21:47:08,2026-03-24 19:19:25
68,換える,바꾸다,かえる,yes,2026-03-24 21:45:44,2026-03-24 19:19:25
69,機械,기계,きかい,yes,2026-03-24 20:23:04,2026-03-24 19:19:25
70,休日,휴일,きゅうじつ,yes,2026-03-24 19:20:15,2026-03-24 19:19:25
71,塩,소금,しお,yes,2026-03-24 19:22:02,2026-03-24 19:19:25
72,制服,제복,せいふく,yes,2026-03-24 21:47:15,2026-03-24 19:19:25
73,相談,상담/상의,そうだん,yes,2026-03-24 20:23:39,2026-03-24 19:19:25
74,卒業,졸업,そつぎょう,yes,2026-03-24 20:23:49,2026-03-24 19:19:25
75,確かに,확실히,たしかに,yes,2026-03-24 20:18:18,2026-03-24 19:19:25
76,得意だ,자신이 있다/잘하다,とくいだ,yes,2026-03-24 19:22:08,2026-03-24 19:19:25
77,部分,부분,ぶぶん,yes,2026-03-24 20:23:21,2026-03-24 19:19:25
78,命令,명령,めいれい,yes,2026-03-24 20:23:46,2026-03-24 19:19:25
79,位置,위치,いち,yes,2026-03-24 20:23:42,2026-03-24 19:19:25
80,下線,밑줄,かせん,yes,2026-03-24 20:23:27,2026-03-24 19:19:25
81,汚い,더럽다,きたない,yes,2026-03-24 20:23:51,2026-03-24 19:19:25
82,禁煙,금연,きんえん,yes,2026-03-24 21:47:26,2026-03-24 19:19:25
83,転ぶ,넘어지다,ころぶ,no,,2026-03-24 19:19:25
84,手術,수술,しゅじゅつ,yes,2026-04-06 23:24:45,2026-03-24 19:19:25
85,主要だ,주요하다,しゅようだ,yes,2026-03-24 20:18:25,2026-03-24 19:19:25
86,商品,상품,しょうひん,yes,2026-03-24 21:47:19,2026-03-24 19:19:25
87,早退,조퇴,そうたい,yes,2026-04-07 22:16:04,2026-03-24 19:19:25
88,直接,직접,ちょくせつ,yes,2026-04-06 23:25:08,2026-03-24 19:19:25
89,冷える,차가워지다/식다,ひえる,yes,2026-03-24 20:18:32,2026-03-24 19:19:25
90,回す,돌리다/회전시키다,まわす,yes,2026-04-06 23:25:17,2026-03-24 19:19:25
91,結ぶ,잇다/매다/묶다,むすぶ,yes,2026-04-05 16:40:56,2026-03-24 19:19:25
92,燃える,타다,もえる,yes,2026-04-06 23:26:40,2026-03-24 19:19:25
93,折れる,부러지다/꺾이다,おれる,yes,2026-04-06 23:26:37,2026-03-24 19:19:25
94,観客,관객,かんきゃく,yes,2026-03-24 21:47:59,2026-03-24 19:19:25
95,共通,공통,きょうつう,yes,2026-04-07 22:16:14,2026-03-24 19:19:25
96,加える,더하다/보태다,くわえる,yes,2026-03-24 21:48:10,2026-03-24 19:19:25
97,訓練,훈련,くんれん,yes,2026-04-06 23:25:33,2026-03-24 19:19:25
98,個人,개인,こじん,yes,2026-03-24 20:24:21,2026-03-24 19:19:25
99,税金,세금,ぜいきん,yes,2026-04-06 23:25:27,2026-03-24 19:19:25
100,到着,도착,とうちゃく,yes,2026-03-24 20:17:01,2026-03-24 19:19:25
101,独立,독립,どくりつ,yes,2026-03-24 20:17:15,2026-03-24 19:19:25
102,測る,재다/달다,はかる,yes,2026-04-07 22:19:28,2026-03-24 19:19:25
103,払う,내다/지불하다,はらう,yes,2026-03-24 20:17:04,2026-03-24 19:19:25
104,方向,방향,ほうこう,yes,2026-03-24 21:48:40,2026-03-24 19:19:25
105,豆,콩,まめ,yes,2026-03-30 21:14:22,2026-03-24 19:19:25
106,申し込み,신청,もうしこみ,yes,2026-03-30 21:15:06,2026-03-24 19:19:25
