no,word,meaning,hiragana,memorized_word,memorized_word_at,memorized_meaning,memorized_meaning_at,memorized_hiragana,memorized_hiragana_at,memorized,memorized_at,created_at
1,囲む,둘러싸다,かこむ,yes,2026-05-05 19:06:33,no,,no,,no,,2026-04-20 23:10:44
2,行事,행사,ぎょうじ,yes,2026-05-05 19:07:02,no,,no,,no,,2026-04-20 23:10:44
3,拒否,거부,きょひ,yes,2026-05-05 19:06:38,no,,no,,no,,2026-04-20 23:10:44
4,現象,현상,げんしょう,yes,2026-05-05 19:07:34,no,,no,,no,,2026-04-20 23:10:44
5,省略,생략,しょうりゃく,yes,2026-05-05 19:07:26,no,,no,,no,,2026-04-20 23:10:44
6,損害,손해,そんがい,yes,2026-05-05 19:06:44,no,,no,,no,,2026-04-20 23:10:44
7,乏しい,부족하다,とぼしい,yes,2026-05-05 19:12:37,no,,no,,no,,2026-04-20 23:10:44
8,憎い,밉다,にくい,yes,2026-05-05 19:06:49,no,,no,,no,,2026-04-20 23:10:44
9,含める,포함하다,ふくめる,yes,2026-05-05 19:12:33,no,,no,,no,,2026-04-20 23:10:44
10,油断,방심/부주의,ゆだん,yes,2026-05-05 19:07:46,no,,no,,no,,2026-04-20 23:10:44
11,圧勝,압승,あっしょう,yes,2026-05-05 19:06:53,no,,no,,no,,2026-04-20 23:10:44
12,傷む,상하다,いたむ,yes,2026-05-05 19:06:59,no,,no,,no,,2026-04-20 23:10:44
13,大幅,큰폭,おおはば,yes,2026-05-05 19:07:37,no,,no,,no,,2026-04-20 23:10:44
14,極端,극단적임/아주 지나침,きょくたん,yes,2026-05-05 19:08:01,no,,no,,no,,2026-04-20 23:10:44
15,悔しい,분하다,くやしい,yes,2026-05-05 19:05:08,no,,no,,no,,2026-04-20 23:10:44
16,継続,계속,けいぞく,yes,2026-05-05 19:08:08,no,,no,,no,,2026-04-20 23:10:44
17,除く,제거하다/제외하다,のぞく,yes,2026-05-05 20:11:10,no,,no,,no,,2026-04-20 23:10:44
18,貿易,무역,ぼうえき,yes,2026-05-05 19:08:36,no,,no,,no,,2026-04-20 23:10:44
19,戻す,되돌리다,もどす,yes,2026-05-05 19:08:04,no,,no,,no,,2026-04-20 23:10:44
20,幼稚,유치함,ようち,yes,2026-05-05 19:08:27,no,,no,,no,,2026-04-20 23:10:44
21,改めて,다시/재차,あらためて,yes,2026-05-05 19:05:14,no,,no,,no,,2026-04-20 23:10:44
22,拡充,확충,かくじゅう,yes,2026-05-05 19:08:16,no,,no,,no,,2026-04-20 23:10:44
23,隠す,감추다/숨기다,かくす,yes,2026-05-05 19:09:09,no,,no,,no,,2026-04-20 23:10:44
24,勧誘,권유,かんゆう,yes,2026-05-05 20:11:34,no,,no,,no,,2026-04-20 23:10:44
25,姿勢,자세,しせい,yes,2026-05-05 20:11:37,no,,no,,no,,2026-04-20 23:10:44
26,清潔,청결함,せいけつ,yes,2026-05-05 19:08:47,no,,no,,no,,2026-04-20 23:10:44
27,積む,(짐/경력)쌓다/싣다,つむ,yes,2026-05-05 20:11:44,no,,no,,no,,2026-04-20 23:10:44
28,逃亡,도망,とうぼう,yes,2026-05-05 19:09:19,no,,no,,no,,2026-04-20 23:10:44
29,模範,모범,もはん,yes,2026-05-05 19:08:51,no,,no,,no,,2026-04-20 23:10:44
30,世の中,세상,よのなか,yes,2026-05-05 19:05:22,no,,no,,no,,2026-04-20 23:10:44
31,削除,삭제,さくじょ,yes,2026-05-05 20:11:58,no,,no,,no,,2026-04-20 23:10:44
32,撮影,촬영,さつえい,yes,2026-05-05 20:12:06,no,,no,,no,,2026-04-20 23:10:44
33,占める,(비율/자리)차지하다,しめる,yes,2026-05-05 19:05:27,no,,no,,no,,2026-04-20 23:10:44
34,焦点,초점,しょうてん,yes,2026-05-05 20:12:20,no,,no,,no,,2026-04-20 23:10:44
35,装置,장치,そうち,yes,2026-05-05 20:12:28,no,,no,,no,,2026-04-20 23:10:44
36,抽象的,추상적,ちゅうしょうてき,yes,2026-05-05 19:05:40,no,,no,,no,,2026-04-20 23:10:44
37,破片,파편,はへん,yes,2026-05-05 19:09:53,no,,no,,no,,2026-04-20 23:10:44
38,針,바늘,はり,yes,2026-05-05 19:05:48,no,,no,,no,,2026-04-20 23:10:44
39,返却,반환/반납,へんきゃく,yes,2026-05-05 20:12:34,no,,no,,no,,2026-04-20 23:10:44
40,略する,생략하다,りゃくする,yes,2026-05-05 19:06:25,no,,no,,no,,2026-04-20 23:10:44
41,祝う,축하하다,いわう,yes,2026-05-05 19:09:57,no,,no,,no,,2026-04-20 23:10:44
42,補う,보충하다,おぎなう,no,,no,,no,,no,,2026-04-20 23:10:44
43,至急,시급/급히,しきゅう,yes,2026-05-05 20:12:48,no,,no,,no,,2026-04-20 23:10:44
44,地元,그 지역/연고지,じもと,yes,2026-05-05 19:10:21,no,,no,,no,,2026-04-20 23:10:44
45,率直,솔직함,そっちょく,yes,2026-05-05 19:10:59,no,,no,,no,,2026-04-20 23:10:44
46,調節,조절,ちょうせつ,yes,2026-05-05 19:11:38,no,,no,,no,,2026-04-20 23:10:44
47,豊富,풍부함,ほうふ,yes,2026-05-05 20:12:56,no,,no,,no,,2026-04-20 23:10:44
48,密接,밀접함,みっせつ,yes,2026-05-05 20:12:39,no,,no,,no,,2026-04-20 23:10:44
49,敗れる,지다/패배하다,やぶれる,yes,2026-05-05 20:13:36,no,,no,,no,,2026-04-20 23:10:44
50,要求,요구,ようきゅう,yes,2026-05-05 19:11:54,no,,no,,no,,2026-04-20 23:10:44
51,辛い,맵다,からい,yes,2026-05-05 19:12:30,no,,no,,no,,2026-04-20 23:10:44
52,規模,규모,きぼ,yes,2026-05-05 20:13:28,no,,no,,no,,2026-04-20 23:10:44
53,景色,경치,けしき,yes,2026-05-05 19:12:16,no,,no,,no,,2026-04-20 23:10:44
54,相互,상호/서로,そうご,yes,2026-05-05 20:13:11,no,,no,,no,,2026-04-20 23:10:44
55,備える,갖추다/대비하다,そなえる,yes,2026-05-05 20:13:56,no,,no,,no,,2026-04-20 23:10:44
56,尊重,존중,そんちょう,yes,2026-05-05 20:13:02,no,,no,,no,,2026-04-20 23:10:44
57,治療,치료,ちりょう,yes,2026-05-05 19:11:58,no,,no,,no,,2026-04-20 23:10:44
58,隣,옆,となり,yes,2026-05-05 19:06:30,no,,no,,no,,2026-04-20 23:10:44
59,触れる,(문화/주제)접하다,ふれる,yes,2026-05-05 20:14:06,no,,no,,no,,2026-04-20 23:10:44
60,防災,방재,ぼうさい,yes,2026-05-05 19:12:43,no,,no,,no,,2026-04-20 23:10:44
